id,first_name,last_name,email,gender,ip_address,SSN
1,Rowena,Barnham,rbarnham0@typepad.com,Female,45.245.152.125,787-88-0921
2,Francesca,Proudler,fproudler1@guardian.co.uk,Female,58.80.13.38,757-89-6486
3,Boone,Skrine,bskrine2@bandcamp.com,Male,227.32.230.214,611-23-0838
4,Benedick,Baruch,bbaruch3@baidu.com,Male,10.34.244.88,498-81-5604
5,Kinnie,Gatrill,kgatrill4@mail.ru,Male,12.74.8.124,831-44-6629
6,Gibbie,Manilow,gmanilow5@yale.edu,Male,192.238.249.96,819-73-3326
7,Bren,Stapels,bstapels6@is.gd,Male,181.58.234.152,986-43-9737
8,Livvy,Rushworth,lrushworth7@sfgate.com,Female,254.12.161.44,381-59-5614
9,Welsh,Marklin,wmarklin8@aboutads.info,Male,176.7.134.138,175-89-3051
10,Keir,Espinosa,kespinosa9@sourceforge.net,Male,148.126.61.154,890-85-7749
11,Yanaton,Stolte,ystoltea@unesco.org,Male,78.29.159.96,985-13-1184
12,Laney,Tithecott,ltithecottb@dailymotion.com,Male,214.77.26.40,621-14-0228
13,Ahmad,Laybourne,alaybournec@harvard.edu,Male,57.212.213.232,904-09-0365
14,Livia,Coggen,lcoggend@linkedin.com,Female,159.115.62.231,427-28-5979
15,Lazarus,Pilipets,lpilipetse@is.gd,Male,122.225.204.216,270-09-7221
16,Meghan,Maior,mmaiorf@skyrock.com,Female,97.150.211.29,481-39-9477
17,Aurore,Pacht,apachtg@google.cn,Female,29.42.178.190,114-92-5585
18,Free,Eilhart,feilharth@desdev.cn,Male,201.82.205.33,932-75-7344
19,Kenon,Brader,kbraderi@google.fr,Male,103.62.213.188,872-26-8093
20,Ely,Manicomb,emanicombj@uol.com.br,Male,160.120.163.54,377-37-5870
21,Staffard,MacTrusty,smactrustyk@devhub.com,Male,107.232.32.183,245-65-1687
22,Ava,Ipplett,aipplettl@globo.com,Female,86.28.150.182,428-38-6502
23,Rem,Siemantel,rsiemantelm@webeden.co.uk,Male,191.216.186.50,544-70-5915
24,Jarrett,Eassom,jeassomn@nsw.gov.au,Male,61.247.175.211,318-23-5704
25,Inessa,Urridge,iurridgeo@cbsnews.com,Female,116.182.22.236,445-24-9756
26,Andree,Meir,ameirp@ucoz.com,Female,121.221.61.75,597-73-6588
27,Rori,Bayless,rbaylessq@weather.com,Female,96.178.239.68,258-91-3548
28,Deeanne,Plews,dplewsr@tuttocitta.it,Female,159.21.117.186,152-20-2985
29,Egon,Pfeffer,epfeffers@facebook.com,Male,99.180.111.11,393-70-5230
30,Garwin,Filipowicz,gfilipowiczt@naver.com,Male,79.55.93.18,664-60-6039
31,Griff,Acedo,gacedou@hhs.gov,Male,203.212.140.72,868-90-8021
32,Conny,Rusk,cruskv@list-manage.com,Female,0.227.108.130,651-16-1058
33,Karine,Gibbonson,kgibbonsonw@sitemeter.com,Female,138.96.112.236,623-36-5387
34,Aguste,Kinsley,akinsleyx@foxnews.com,Male,251.10.42.5,794-58-2810
35,Mariel,Fricke,mfrickey@diigo.com,Female,173.213.230.213,903-92-9500
36,Gabbie,MacGowan,gmacgowanz@rediff.com,Male,40.92.110.176,545-20-8346
37,Byram,Rowney,browney10@a8.net,Male,76.13.238.103,721-53-6529
38,Jeanna,Lampel,jlampel11@wordpress.com,Female,54.6.237.136,168-70-3829
39,Zarla,Dumper,zdumper12@linkedin.com,Female,129.108.52.52,416-97-2383
40,Rice,Twinborough,rtwinborough13@spiegel.de,Male,222.25.87.104,577-55-2170
41,Royall,Kitteringham,rkitteringham14@house.gov,Male,107.189.253.81,260-40-6359
42,Lottie,Drewitt,ldrewitt15@istockphoto.com,Female,127.239.65.214,617-05-6181
43,Orelie,Fidock,ofidock16@aol.com,Female,185.161.178.98,807-27-9702
44,Bucky,Seint,bseint17@last.fm,Male,92.40.38.89,717-40-8457
45,Cilka,Tinham,ctinham18@china.com.cn,Female,114.37.246.14,886-66-2720
46,Martina,Pauly,mpauly19@washingtonpost.com,Female,217.217.179.2,264-40-0170
47,Hubert,Rebichon,hrebichon1a@i2i.jp,Male,36.22.243.13,182-58-1448
48,Allsun,Geeson,ageeson1b@amazon.co.jp,Female,62.240.84.108,572-07-0029
49,Germana,Adess,gadess1c@scientificamerican.com,Female,112.45.26.231,972-69-0748
50,Leora,Davidde,ldavidde1d@fema.gov,Female,103.224.57.178,148-00-5157
51,Lester,Ongin,longin1e@rediff.com,Male,129.229.23.93,355-53-6736
52,Car,Olive,colive1f@list-manage.com,Male,102.71.190.95,306-07-8006
53,Patti,Larraway,plarraway1g@exblog.jp,Female,229.101.203.173,295-63-0431
54,Issie,Penrose,ipenrose1h@phoca.cz,Female,70.178.8.159,588-57-3124
55,Jerrine,Baddam,jbaddam1i@creativecommons.org,Female,184.18.39.189,485-30-8521
56,Siegfried,Frantzeni,sfrantzeni1j@phoca.cz,Male,249.214.22.122,105-61-8207
57,Lincoln,Coomber,lcoomber1k@nature.com,Male,86.92.235.75,561-48-8085
58,Burr,MacMakin,bmacmakin1l@cnbc.com,Male,103.135.222.108,270-37-6847
59,Gunilla,Vedstra,gvedstra1m@newyorker.com,Female,40.127.140.45,173-85-7278
60,Taylor,Shields,tshields1n@dagondesign.com,Male,140.83.64.210,851-67-0207
61,Giuseppe,Troup,gtroup1o@people.com.cn,Male,189.203.243.230,939-96-0391
62,Renae,Hampstead,rhampstead1p@gmpg.org,Female,229.192.246.210,859-85-5999
63,Carmelita,Faulo,cfaulo1q@nifty.com,Female,215.138.143.131,245-36-1247
64,Florance,Pitman,fpitman1r@topsy.com,Female,35.185.239.54,501-99-7766
65,Kinna,Jannings,kjannings1s@archive.org,Female,25.19.172.203,496-97-8767
66,Dillie,Martinet,dmartinet1t@disqus.com,Male,194.92.34.45,745-71-3824
67,Lindsey,Siddens,lsiddens1u@issuu.com,Male,14.92.194.83,961-95-8446
68,Bernardina,Stubbert,bstubbert1v@amazon.co.uk,Female,112.42.233.189,314-30-0214
69,Ozzie,Milbourne,omilbourne1w@newyorker.com,Male,14.9.195.36,810-56-1385
70,Inglebert,Robers,irobers1x@foxnews.com,Male,14.213.248.2,636-33-9781
71,Man,Beldum,mbeldum1y@linkedin.com,Male,37.105.235.134,270-81-4423
72,Zaccaria,Paulus,zpaulus1z@nydailynews.com,Male,116.139.66.79,593-09-9401
73,Wilt,Seine,wseine20@yahoo.co.jp,Male,249.129.27.229,223-33-0404
74,Ulrich,Gittens,ugittens21@google.com.br,Male,181.223.180.1,792-01-2554
75,Gardiner,Midghall,gmidghall22@pinterest.com,Male,20.97.59.233,611-88-6957
76,Whitaker,Ledner,wledner23@ezinearticles.com,Male,189.160.198.83,407-95-5715
77,Libbey,Winkworth,lwinkworth24@harvard.edu,Female,163.27.161.126,628-86-6454
78,Frannie,Unwin,funwin25@icq.com,Male,159.14.95.156,294-22-9144
79,Lorraine,Fucher,lfucher26@senate.gov,Female,42.28.210.3,533-46-9796
80,Jennifer,Bonnaire,jbonnaire27@miitbeian.gov.cn,Female,254.158.102.251,102-67-5794
81,Artair,Brickham,abrickham28@timesonline.co.uk,Male,177.199.254.48,638-05-8376
82,Albertine,Bowdery,abowdery29@reference.com,Female,30.198.241.186,284-10-8327
83,Aimil,Treker,atreker2a@jigsy.com,Female,98.202.114.247,614-35-4725
84,Katerina,Topping,ktopping2b@indiegogo.com,Female,206.102.179.216,571-28-8986
85,Bernie,Burnage,bburnage2c@cdbaby.com,Female,128.189.183.10,813-27-9524
86,Harman,Mosey,hmosey2d@goodreads.com,Male,85.4.224.94,204-77-5365
87,Elianore,Cocks,ecocks2e@sciencedirect.com,Female,227.81.92.177,849-85-7223
88,Raphaela,Kezor,rkezor2f@alibaba.com,Female,112.3.42.211,119-33-2249
89,Lorianne,Kilbey,lkilbey2g@csmonitor.com,Female,72.177.140.83,560-39-3400
90,Roma,Morrissey,rmorrissey2h@liveinternet.ru,Male,221.77.239.191,318-73-5398
91,Eddi,Isacke,eisacke2i@wikimedia.org,Female,239.105.150.250,665-92-8862
92,Debi,Balk,dbalk2j@drupal.org,Female,99.126.191.3,630-87-8052
93,Llywellyn,Marley,lmarley2k@yellowpages.com,Male,143.107.70.53,130-45-7019
94,Willie,Blackledge,wblackledge2l@cam.ac.uk,Female,118.71.195.19,455-66-4255
95,Noel,Tinan,ntinan2m@jiathis.com,Female,92.212.202.127,533-87-1596
96,Gwenny,Biddleston,gbiddleston2n@ibm.com,Female,75.165.132.192,353-32-3434
97,Angil,Totterdill,atotterdill2o@nyu.edu,Female,71.56.6.146,272-36-7950
98,Darnell,Cadney,dcadney2p@mozilla.com,Male,114.61.120.235,614-62-4801
99,Leon,Loynton,lloynton2q@scientificamerican.com,Male,175.143.92.2,412-82-7471
100,Tildy,Sturmey,tsturmey2r@instagram.com,Female,190.54.83.54,451-33-2463
101,Tiebout,Feldfisher,tfeldfisher2s@nba.com,Male,188.215.142.20,695-77-1454
102,Thom,Claw,tclaw2t@nationalgeographic.com,Male,44.31.255.191,769-10-9993
103,Marielle,Roistone,mroistone2u@dailymail.co.uk,Female,142.241.1.166,248-23-1064
104,Solly,Grimsditch,sgrimsditch2v@mozilla.org,Male,157.251.222.16,718-53-4336
105,Delphine,Jozef,djozef2w@wordpress.com,Female,114.213.64.175,647-22-3918
106,Gavan,Mayger,gmayger2x@biblegateway.com,Male,223.161.64.78,158-25-7181
107,Lindy,Plum,lplum2y@tmall.com,Female,159.83.238.82,173-95-9735
108,Larissa,Antley,lantley2z@dot.gov,Female,168.208.253.61,309-84-9583
109,Megen,Gouda,mgouda30@bbc.co.uk,Female,175.122.183.168,684-14-7034
110,Olav,Derrell,oderrell31@google.pl,Male,118.221.91.168,204-70-8437
111,Berkly,Crocetti,bcrocetti32@wikispaces.com,Male,24.191.245.68,175-48-5778
112,Alf,Hazeldean,ahazeldean33@spotify.com,Male,27.96.21.125,388-65-6577
113,Willey,Fleckney,wfleckney34@unblog.fr,Male,37.10.246.230,465-42-4069
114,Theo,Hampshire,thampshire35@wikispaces.com,Female,90.41.88.221,611-89-3709
115,Bone,Darbyshire,bdarbyshire36@answers.com,Male,37.5.121.65,146-47-9935
116,Melina,Casarino,mcasarino37@cloudflare.com,Female,23.100.1.248,996-60-6343
117,Thorstein,Lamplough,tlamplough38@time.com,Male,57.161.38.19,328-00-8122
118,Camile,Buggs,cbuggs39@cloudflare.com,Female,214.66.177.115,636-19-7112
119,Dyanna,Brunnen,dbrunnen3a@pcworld.com,Female,228.248.232.235,363-63-9129
120,Colman,Klinck,cklinck3b@reddit.com,Male,27.47.214.57,304-21-3097
121,Irwinn,Surman,isurman3c@tinyurl.com,Male,205.4.131.96,587-63-2244
122,Yolane,Pride,ypride3d@mapquest.com,Female,207.167.75.71,234-72-1419
123,Ambrosio,Ingman,aingman3e@cpanel.net,Male,87.13.6.251,561-59-5696
124,Andrea,Drew-Clifton,adrewclifton3f@google.com.hk,Male,122.8.114.233,747-22-9181
125,Cecil,Filipczak,cfilipczak3g@examiner.com,Male,128.133.112.14,146-18-3536
126,Haywood,Bonnar,hbonnar3h@furl.net,Male,254.77.56.242,453-84-6834
127,Mercedes,Hassekl,mhassekl3i@hugedomains.com,Female,123.106.189.118,157-24-3501
128,Pearle,Obey,pobey3j@eventbrite.com,Female,140.118.165.135,169-28-5777
129,Beverley,Wain,bwain3k@businesswire.com,Female,36.249.173.218,602-50-0062
130,Lothario,Baseggio,lbaseggio3l@sitemeter.com,Male,40.136.16.243,911-27-2939
131,Phip,Castanaga,pcastanaga3m@google.fr,Male,114.65.62.79,222-27-0880
132,Layla,Bortolozzi,lbortolozzi3n@cbsnews.com,Female,106.80.55.93,572-13-9374
133,Geno,McPharlain,gmcpharlain3o@mapquest.com,Male,133.182.141.207,423-81-4525
134,Windy,Gummory,wgummory3p@goodreads.com,Female,118.255.196.195,320-14-3177
135,Fritz,Pala,fpala3q@intel.com,Male,17.235.192.118,316-16-5372
136,Alexandr,Nund,anund3r@so-net.ne.jp,Male,32.194.193.181,580-08-3119
137,Alisha,Boyfield,aboyfield3s@gravatar.com,Female,148.88.127.201,904-49-3997
138,Ferdinande,Scimoni,fscimoni3t@earthlink.net,Female,132.44.193.64,986-23-5623
139,Matthiew,Benallack,mbenallack3u@cnbc.com,Male,69.3.206.90,321-74-5449
140,Silvan,Barfield,sbarfield3v@alexa.com,Male,12.223.131.60,817-95-8011
141,Brnaba,Brett,bbrett3w@shareasale.com,Male,165.67.16.198,709-82-9286
142,Tracy,Piercey,tpiercey3x@netscape.com,Male,81.18.218.109,570-81-3023
143,Nari,Dunkerton,ndunkerton3y@canalblog.com,Female,198.106.69.113,345-14-2642
144,Guglielmo,Cressingham,gcressingham3z@networksolutions.com,Male,227.246.214.108,975-48-2791
145,Abigail,Darley,adarley40@ted.com,Female,2.84.181.45,224-15-5999
146,Amble,Kerr,akerr41@discuz.net,Male,7.215.119.217,654-81-3354
147,Junette,Ovize,jovize42@photobucket.com,Female,19.224.151.225,892-34-6118
148,Elli,Sebrens,esebrens43@fastcompany.com,Female,59.114.200.56,644-42-3703
149,Georgie,Rosbotham,grosbotham44@opera.com,Female,126.144.141.207,759-62-3212
150,Morton,Stiles,mstiles45@mail.ru,Male,56.157.133.164,456-39-6496
151,Carmine,Lanfranchi,clanfranchi46@goo.gl,Male,53.225.36.83,278-71-5303
152,Mair,Roscamp,mroscamp47@meetup.com,Female,30.87.62.116,394-36-7169
153,Joana,Dunderdale,jdunderdale48@seattletimes.com,Female,156.95.112.164,115-61-0490
154,Prince,Vowell,pvowell49@altervista.org,Male,164.204.146.144,792-78-6677
155,Janean,Winwright,jwinwright4a@comcast.net,Female,53.70.183.219,182-40-0550
156,Tam,Farey,tfarey4b@fema.gov,Male,88.114.141.31,810-55-4195
157,Jamil,Eadon,jeadon4c@wiley.com,Male,204.231.34.167,543-98-9035
158,Janaya,Gieraths,jgieraths4d@hibu.com,Female,160.153.215.108,127-52-8649
159,Carol-jean,Waterstone,cwaterstone4e@ifeng.com,Female,193.69.13.241,255-44-0814
160,Jammal,Triplet,jtriplet4f@behance.net,Male,198.195.100.173,536-84-1082
161,Adolphus,Branch,abranch4g@reddit.com,Male,196.100.191.147,145-99-9280
162,Lacie,Alvey,lalvey4h@auda.org.au,Female,182.230.132.237,516-51-3778
163,Claudia,Abramovic,cabramovic4i@tumblr.com,Female,183.184.187.118,892-68-7536
164,Langston,Manueau,lmanueau4j@forbes.com,Male,89.24.55.226,202-92-0446
165,Laraine,Luis,lluis4k@auda.org.au,Female,225.208.106.112,379-28-9300
166,Quinn,Leming,qleming4l@techcrunch.com,Male,176.255.172.30,326-55-9931
167,Candace,Salters,csalters4m@php.net,Female,0.194.38.84,757-55-0360
168,Julianna,Baber,jbaber4n@nytimes.com,Female,215.16.253.170,430-65-5112
169,Irwin,Warin,iwarin4o@cnet.com,Male,97.159.60.16,238-13-1490
170,Arlan,Lyman,alyman4p@wordpress.com,Male,173.113.90.244,841-91-9170
171,Sebastien,Robroe,srobroe4q@symantec.com,Male,189.182.39.138,226-60-5185
172,Rennie,Windross,rwindross4r@ow.ly,Female,89.220.173.20,576-34-5824
173,Valeria,Lumsdaine,vlumsdaine4s@google.it,Female,237.140.198.249,176-36-8505
174,Austina,Fairleigh,afairleigh4t@tamu.edu,Female,1.128.132.89,268-40-5636
175,Lester,Ullett,lullett4u@reddit.com,Male,23.180.78.232,697-01-3995
176,Brantley,Lockey,blockey4v@slashdot.org,Male,136.235.18.200,915-14-0284
177,Vidovic,Paulat,vpaulat4w@mayoclinic.com,Male,105.78.9.255,691-40-2599
178,Rozalie,Darrigone,rdarrigone4x@ifeng.com,Female,0.56.39.141,254-30-0908
179,Ranique,Measham,rmeasham4y@reddit.com,Female,163.11.160.2,814-56-9901
180,Hesther,Edgeley,hedgeley4z@google.com,Female,52.142.195.219,312-80-6696
181,Pavla,Danforth,pdanforth50@360.cn,Female,32.150.199.102,673-06-7999
182,Greg,Escalero,gescalero51@adobe.com,Male,6.215.151.5,859-72-2118
183,Archaimbaud,Leyman,aleyman52@quantcast.com,Male,212.148.239.76,697-40-7611
184,Randie,Zettler,rzettler53@cafepress.com,Female,250.211.247.92,599-03-8151
185,Heloise,McAndie,hmcandie54@themeforest.net,Female,149.163.89.131,151-00-2129
186,Bertine,Ruggiero,bruggiero55@ihg.com,Female,206.230.207.36,984-14-2561
187,Sal,Hemerijk,shemerijk56@goo.ne.jp,Female,46.158.100.186,657-00-4995
188,Sherlock,Blofeld,sblofeld57@washingtonpost.com,Male,229.254.224.5,290-27-1186
189,Marieann,Muldrew,mmuldrew58@i2i.jp,Female,64.195.116.190,504-14-5014
190,Lind,Hamsher,lhamsher59@blog.com,Male,214.199.238.191,139-87-4383
191,Zandra,O' Flaherty,zoflaherty5a@toplist.cz,Female,27.216.159.37,805-18-0259
192,Haskell,Ingamells,hingamells5b@dot.gov,Male,117.161.176.190,719-79-7654
193,Ada,Vamplers,avamplers5c@archive.org,Female,140.244.58.223,823-45-1894
194,Marten,Baptiste,mbaptiste5d@phoca.cz,Male,92.35.98.98,175-31-6653
195,Corey,Severy,csevery5e@nydailynews.com,Male,163.75.107.207,503-57-6679
196,Cordula,Osanne,cosanne5f@issuu.com,Female,128.72.234.51,236-80-1687
197,Nickey,Pinhorn,npinhorn5g@umich.edu,Male,44.80.238.209,782-25-5566
198,Kiel,Woodnutt,kwoodnutt5h@studiopress.com,Male,33.27.175.232,709-48-2575
199,Norrie,Snalum,nsnalum5i@smugmug.com,Female,111.210.37.72,811-94-1722
200,Tadeas,Mauchlen,tmauchlen5j@epa.gov,Male,12.253.142.249,965-31-1244
201,Dun,Franceschino,dfranceschino5k@qq.com,Male,13.63.228.14,728-19-9355
202,Ajay,Yanyushkin,ayanyushkin5l@cbsnews.com,Female,206.137.137.64,877-05-4299
203,Ursuline,Newham,unewham5m@mail.ru,Female,238.213.133.252,567-20-8998
204,Greer,Cancellor,gcancellor5n@abc.net.au,Female,39.168.169.63,451-53-3197
205,Woody,Pellamont,wpellamont5o@stumbleupon.com,Male,104.240.24.240,649-49-7815
206,Gilles,Bentjens,gbentjens5p@addtoany.com,Male,14.195.111.36,792-86-1731
207,Thorvald,Thorneywork,tthorneywork5q@dropbox.com,Male,64.127.56.103,997-96-3496
208,Frederik,Gruszka,fgruszka5r@taobao.com,Male,100.5.44.168,237-89-4891
209,Lyn,Mayou,lmayou5s@g.co,Female,170.247.17.253,114-01-6051
210,Thekla,Broader,tbroader5t@cnn.com,Female,174.212.148.105,618-09-6346
211,Aron,Campo,acampo5u@ebay.com,Male,130.62.162.7,511-44-7477
212,Albina,Lammers,alammers5v@tripadvisor.com,Female,157.157.220.220,995-26-2286
213,Kirsteni,de Banke,kdebanke5w@patch.com,Female,194.202.107.154,214-29-7597
214,Pattin,Anyene,panyene5x@pinterest.com,Male,71.221.254.17,664-84-5178
215,Ursuline,Force,uforce5y@blogspot.com,Female,77.45.21.13,685-82-2166
216,Caterina,Garmons,cgarmons5z@loc.gov,Female,106.131.160.140,104-00-3853
217,D'arcy,Hugland,dhugland60@addthis.com,Male,216.76.71.35,690-87-0690
218,Kellen,Brierton,kbrierton61@answers.com,Male,240.163.185.154,363-83-4950
219,Silvio,Pietranek,spietranek62@zdnet.com,Male,57.61.246.177,767-61-1613
220,Glendon,Michelle,gmichelle63@github.com,Male,161.150.75.10,364-06-4642
221,Bessy,MacGall,bmacgall64@chicagotribune.com,Female,63.255.143.50,180-19-9555
222,Torre,Kulicke,tkulicke65@ameblo.jp,Male,48.92.144.224,968-80-8896
223,Leonerd,Ledeker,lledeker66@tmall.com,Male,27.187.193.135,443-85-0884
224,Valle,Thandi,vthandi67@weather.com,Male,118.243.120.41,636-45-7450
225,Vassily,Gopsill,vgopsill68@chronoengine.com,Male,156.255.76.187,769-76-0957
226,Jaymie,Curness,jcurness69@123-reg.co.uk,Male,98.209.40.206,624-96-8923
227,Phillida,Malser,pmalser6a@is.gd,Female,18.135.181.164,949-58-6706
228,Tedd,Hickisson,thickisson6b@delicious.com,Male,195.81.65.91,566-48-8506
229,Ginelle,Shilston,gshilston6c@msn.com,Female,233.47.180.141,507-00-6658
230,Anett,Bea,abea6d@auda.org.au,Female,75.207.51.10,774-00-9111
231,Nicolette,Schuster,nschuster6e@comcast.net,Female,40.139.66.189,258-78-4132
232,Auberon,Meneo,ameneo6f@boston.com,Male,19.80.249.85,193-71-4929
233,Oswell,De La Coste,odelacoste6g@xing.com,Male,34.153.211.9,445-04-1033
234,Karylin,Decroix,kdecroix6h@salon.com,Female,231.146.64.42,512-76-0734
235,Garner,Lusk,glusk6i@multiply.com,Male,228.215.231.99,831-24-3899
236,Deva,Battany,dbattany6j@boston.com,Female,30.81.155.81,685-43-5025
237,Udale,Valett,uvalett6k@dot.gov,Male,160.50.122.144,878-36-5019
238,Bernetta,Glasman,bglasman6l@nhs.uk,Female,76.42.30.64,124-79-2581
239,Lonna,Admans,ladmans6m@theatlantic.com,Female,240.67.82.217,817-13-6149
240,Marne,Dimmick,mdimmick6n@hhs.gov,Female,125.55.126.239,616-98-8304
241,Mischa,Edger,medger6o@patch.com,Male,168.156.212.224,716-41-5983
242,Charlena,Kernan,ckernan6p@hp.com,Female,113.27.4.77,710-37-2765
243,Lev,Liveley,lliveley6q@utexas.edu,Male,182.68.105.34,601-25-7096
244,Antoine,Lillee,alillee6r@alibaba.com,Male,150.168.74.251,316-45-9829
245,Gay,Birkett,gbirkett6s@europa.eu,Female,124.254.2.207,406-61-6688
246,Rourke,Gillings,rgillings6t@earthlink.net,Male,59.218.252.247,325-52-3318
247,Jamie,Casone,jcasone6u@meetup.com,Female,136.84.47.94,773-16-9955
248,Leigha,Heller,lheller6v@angelfire.com,Female,237.83.121.183,679-65-8932
249,Tamas,Duester,tduester6w@senate.gov,Male,89.140.95.108,986-25-0300
250,Tobye,Baron,tbaron6x@themeforest.net,Female,34.103.58.52,151-91-7756
251,Windham,Eagar,weagar6y@washington.edu,Male,111.216.94.195,106-84-4926
252,Duane,"Measor,",dmeasor6z@google.com.br,Male,24.160.72.185,815-63-6781
253,Brandie,Batcheldor,bbatcheldor70@prweb.com,Female,181.197.144.168,591-62-2366
254,Lesli,Ciraldo,lciraldo71@howstuffworks.com,Female,200.207.131.1,160-40-8319
255,Lurette,Sigge,lsigge72@arstechnica.com,Female,241.143.102.66,856-85-0824
256,Ross,Hendrichs,rhendrichs73@blogtalkradio.com,Male,24.105.141.137,117-02-8380
257,Chad,Diggins,cdiggins74@w3.org,Male,129.32.82.221,274-01-9704
258,Aristotle,Harken,aharken75@1688.com,Male,166.198.228.106,635-94-0152
259,Gibbie,Schwartz,gschwartz76@cbslocal.com,Male,80.233.87.87,151-21-2242
260,Freedman,Martinelli,fmartinelli77@jigsy.com,Male,21.16.32.220,469-17-7191
261,Marcellus,Perritt,mperritt78@google.fr,Male,234.228.55.98,792-53-6425
262,Reagan,Vicker,rvicker79@cbsnews.com,Male,65.207.181.139,350-80-0126
263,Ddene,Sperwell,dsperwell7a@bluehost.com,Female,95.232.25.200,278-58-5641
264,Gabie,Riggott,griggott7b@oracle.com,Male,102.233.70.165,317-45-0575
265,Ki,Johns,kjohns7c@mayoclinic.com,Female,229.158.5.201,476-53-6655
266,Gisela,Feare,gfeare7d@nyu.edu,Female,241.42.205.31,588-29-6873
267,Jaime,Jenkyn,jjenkyn7e@creativecommons.org,Male,4.60.137.226,191-94-0350
268,Roddy,Maw,rmaw7f@examiner.com,Male,96.185.112.127,604-16-0508
269,Olenolin,Waind,owaind7g@reddit.com,Male,232.36.67.6,408-28-4028
270,Averil,Belsham,abelsham7h@addthis.com,Male,197.54.153.201,733-37-5907
271,Ashia,Harling,aharling7i@free.fr,Female,111.176.111.127,298-91-3116
272,Wade,Frere,wfrere7j@globo.com,Male,178.198.175.169,843-79-1271
273,Caro,Castelin,ccastelin7k@themeforest.net,Female,141.144.128.85,272-67-5606
274,Joy,Aplin,japlin7l@multiply.com,Female,90.127.38.73,607-36-3813
275,Aline,Kettlestring,akettlestring7m@nyu.edu,Female,149.243.6.165,440-24-7099
276,Vittoria,Lyddon,vlyddon7n@slideshare.net,Female,2.157.154.146,995-78-6698
277,Frankie,Pensom,fpensom7o@noaa.gov,Male,27.231.149.208,892-29-7735
278,Jase,Sicely,jsicely7p@ucoz.ru,Male,130.255.48.181,885-68-6127
279,Cleve,Trustram,ctrustram7q@comsenz.com,Male,242.136.252.77,563-21-3079
280,Hyatt,Hurt,hhurt7r@ocn.ne.jp,Male,15.159.173.184,843-48-0395
281,Peggy,Coram,pcoram7s@washington.edu,Female,191.11.59.127,562-14-9500
282,Walton,Meekins,wmeekins7t@wikimedia.org,Male,203.50.86.104,800-86-6072
283,Hayden,Haycox,hhaycox7u@unicef.org,Male,164.72.231.81,302-08-4550
284,Errick,Davidde,edavidde7v@fema.gov,Male,203.47.253.206,977-50-7302
285,Ora,Castanone,ocastanone7w@angelfire.com,Female,226.84.71.145,460-21-9071
286,Hadria,Thomel,hthomel7x@smh.com.au,Female,7.60.201.206,137-44-4117
287,Terry,Shannahan,tshannahan7y@engadget.com,Male,254.203.37.196,520-30-7001
288,Patience,Exer,pexer7z@scribd.com,Female,126.254.220.12,904-06-6416
289,Hartley,Kippax,hkippax80@zdnet.com,Male,247.122.231.223,316-78-4692
290,Caroline,Caddies,ccaddies81@youtube.com,Female,199.78.180.110,806-47-4963
291,Enrico,Tretter,etretter82@xinhuanet.com,Male,120.144.75.78,500-52-9461
292,Clare,Bernardeschi,cbernardeschi83@mac.com,Male,204.241.167.63,406-73-3815
293,Dewie,Steptowe,dsteptowe84@fotki.com,Male,129.56.199.87,409-10-0344
294,Gran,Mariner,gmariner85@over-blog.com,Male,50.75.133.184,545-22-3809
295,Carla,Iacoboni,ciacoboni86@skyrock.com,Female,186.47.69.251,135-33-5829
296,Jolene,Hanselmann,jhanselmann87@businesswire.com,Female,47.89.137.234,387-80-6746
297,Symon,Waight,swaight88@issuu.com,Male,3.21.140.178,147-09-7251
298,Alfons,Dericot,adericot89@wordpress.com,Male,181.117.137.10,711-15-8946
299,Zita,Caudelier,zcaudelier8a@myspace.com,Female,83.233.177.205,768-44-7660
300,Sanson,Cannaway,scannaway8b@php.net,Male,236.49.170.157,742-45-5855
301,Joel,Caurah,jcaurah8c@altervista.org,Male,228.160.193.59,363-77-2909
302,Bunni,Mapson,bmapson8d@ezinearticles.com,Female,229.164.9.183,365-08-6493
303,Doroteya,Wheal,dwheal8e@psu.edu,Female,41.66.25.50,509-53-6315
304,Fraze,Witheford,fwitheford8f@devhub.com,Male,47.164.93.176,366-12-2078
305,Nelle,Bagby,nbagby8g@va.gov,Female,155.201.220.24,237-79-6161
306,Bartlet,Ramelet,bramelet8h@spotify.com,Male,157.120.150.94,154-69-4059
307,Orsa,Mottram,omottram8i@goo.gl,Female,203.126.156.75,687-89-1441
308,Irvin,Dine-Hart,idinehart8j@nytimes.com,Male,173.198.97.141,640-68-0817
309,Lorens,Hutchings,lhutchings8k@theatlantic.com,Male,13.240.164.63,381-54-6961
310,Noland,Macklam,nmacklam8l@yandex.ru,Male,110.119.230.252,540-18-2288
311,Tedie,Romero,tromero8m@wikipedia.org,Male,135.40.44.39,830-86-7708
312,Gavra,Calbreath,gcalbreath8n@ucoz.com,Female,49.174.91.206,479-39-1058
313,Dierdre,Habbert,dhabbert8o@typepad.com,Female,241.184.18.23,943-62-8739
314,Burke,Jackman,bjackman8p@geocities.com,Male,112.1.68.117,382-23-0314
315,Boyd,Berrisford,bberrisford8q@harvard.edu,Male,67.241.21.244,841-11-3835
316,Kellyann,Channing,kchanning8r@i2i.jp,Female,176.76.65.239,852-05-6860
317,Georgette,Rustich,grustich8s@sitemeter.com,Female,25.47.92.147,162-74-8807
318,Karrie,Baulcombe,kbaulcombe8t@webeden.co.uk,Female,102.223.169.181,298-10-6263
319,Terrye,Threlkeld,tthrelkeld8u@deviantart.com,Female,8.57.80.43,521-25-5709
320,Emmalee,Vannuchi,evannuchi8v@mit.edu,Female,56.18.163.176,934-22-0170
321,Priscilla,Fabry,pfabry8w@parallels.com,Female,241.30.120.173,856-58-7243
322,Filberte,Alessandone,falessandone8x@nytimes.com,Male,190.243.51.155,483-98-3624
323,Kristoforo,Kruse,kkruse8y@spotify.com,Male,49.100.158.24,952-94-3923
324,Edik,Boddy,eboddy8z@ebay.co.uk,Male,189.157.215.55,266-50-9289
325,Barrie,Pifford,bpifford90@bloomberg.com,Male,173.32.144.70,899-41-3758
326,Deny,Matuszewski,dmatuszewski91@foxnews.com,Female,26.187.68.176,845-98-7367
327,Meggi,Boleyn,mboleyn92@deliciousdays.com,Female,174.234.73.150,674-39-4785
328,Richardo,Chatto,rchatto93@wufoo.com,Male,226.95.110.60,845-98-6320
329,Fabian,Aleso,faleso94@4shared.com,Male,243.6.87.210,687-66-9911
330,Hilliard,Cosslett,hcosslett95@homestead.com,Male,62.102.64.59,629-76-8331
331,Dix,Kynston,dkynston96@wunderground.com,Female,77.25.60.242,394-23-4685
332,Mikel,Wiggington,mwiggington97@drupal.org,Male,39.148.168.17,262-59-7961
333,Manuel,Raynor,mraynor98@omniture.com,Male,140.77.189.62,724-15-5283
334,Gris,Vanin,gvanin99@ow.ly,Male,141.254.175.182,911-23-2052
335,Donall,Ughi,dughi9a@wordpress.com,Male,117.0.81.203,188-40-0877
336,Norrie,Riolfi,nriolfi9b@cpanel.net,Male,107.33.36.53,868-41-8581
337,Teddy,Cauderlie,tcauderlie9c@google.com.au,Male,66.118.14.107,611-59-2473
338,Antone,Layman,alayman9d@wordpress.com,Male,194.173.231.78,390-29-8235
339,Massimo,Ritson,mritson9e@theguardian.com,Male,245.50.213.109,403-24-2143
340,Drud,Cubbino,dcubbino9f@joomla.org,Male,81.174.189.183,577-51-5894
341,Nat,Duthy,nduthy9g@about.me,Female,248.59.211.77,381-10-7418
342,Gaby,Oakenfull,goakenfull9h@yolasite.com,Female,226.154.85.70,561-38-1162
343,Paquito,Snailham,psnailham9i@sohu.com,Male,43.149.224.60,414-87-5469
344,Carie,Dunkley,cdunkley9j@amazonaws.com,Female,173.96.205.252,624-66-9713
345,Quent,Dyer,qdyer9k@vistaprint.com,Male,152.177.53.227,636-77-3600
346,Arlan,Easter,aeaster9l@uiuc.edu,Male,211.141.253.227,695-11-5330
347,Sumner,Vennings,svennings9m@eepurl.com,Male,69.188.182.104,676-99-5945
348,Ethelbert,Blazejewski,eblazejewski9n@4shared.com,Male,236.146.194.112,818-08-7357
349,Jimmie,Harriman,jharriman9o@cnbc.com,Male,249.124.163.102,129-10-6402
350,Clio,Bruno,cbruno9p@gmpg.org,Female,86.194.112.101,574-06-1960
351,Ilka,Pariss,ipariss9q@umich.edu,Female,250.151.247.255,620-08-4514
352,Kendrick,Deinhard,kdeinhard9r@latimes.com,Male,38.196.21.176,397-53-0745
353,Stefan,O'Gleasane,sogleasane9s@cmu.edu,Male,225.157.146.2,800-77-2457
354,Ervin,Aicheson,eaicheson9t@nature.com,Male,176.157.187.99,262-85-6830
355,Tyrus,Masse,tmasse9u@symantec.com,Male,89.1.230.237,259-68-4399
356,Mohammed,Kelso,mkelso9v@mit.edu,Male,251.180.193.36,176-76-2724
357,Sonja,Ogus,sogus9w@usatoday.com,Female,79.28.240.8,770-42-7079
358,Gertie,Reading,greading9x@simplemachines.org,Female,124.227.250.38,452-14-6639
359,Spike,Ioan,sioan9y@naver.com,Male,166.127.139.73,737-53-3871
360,Georgiana,Telford,gtelford9z@yellowbook.com,Female,250.1.189.60,344-90-7581
361,Earl,MacKnight,emacknighta0@biglobe.ne.jp,Male,142.108.255.175,659-76-5509
362,Hartley,Willson,hwillsona1@google.nl,Male,133.254.51.228,287-22-5117
363,Shane,Kleinsinger,skleinsingera2@privacy.gov.au,Male,138.153.107.105,949-35-6652
364,Tracey,Calabry,tcalabrya3@time.com,Male,40.229.47.112,376-50-2447
365,Zondra,Craigmile,zcraigmilea4@abc.net.au,Female,161.36.158.98,243-46-2444
366,Denys,Schimonek,dschimoneka5@ca.gov,Male,19.240.44.144,381-55-8291
367,Kim,Zanutti,kzanuttia6@va.gov,Female,91.218.87.48,852-20-4607
368,Cordelia,Bartosek,cbartoseka7@webmd.com,Female,164.219.104.28,277-46-0167
369,Salomi,Bradick,sbradicka8@phpbb.com,Female,220.24.92.111,717-50-6569
370,Leonid,Hebblewaite,lhebblewaitea9@webnode.com,Male,40.10.105.120,234-56-2652
371,Nester,Appleford,napplefordaa@github.com,Male,98.51.169.62,626-85-0070
372,Josey,De Lacey,jdelaceyab@abc.net.au,Female,158.162.216.128,136-51-1633
373,Sawyer,Seefus,sseefusac@last.fm,Male,179.64.180.61,830-82-0229
374,Norry,Darrigoe,ndarrigoead@buzzfeed.com,Male,194.209.64.6,784-23-4656
375,Innis,Wolfenden,iwolfendenae@wikimedia.org,Male,55.64.214.79,515-49-3986
376,Thea,MacCaffrey,tmaccaffreyaf@nymag.com,Female,86.223.202.154,785-02-0979
377,Victor,O'Reilly,voreillyag@sina.com.cn,Male,161.200.155.240,550-96-2521
378,Aubine,Ovenden,aovendenah@deliciousdays.com,Female,184.225.213.159,935-46-5689
379,Tiebout,Daughtery,tdaughteryai@imdb.com,Male,11.153.173.219,972-75-5423
380,Hunt,Wynrehame,hwynrehameaj@wix.com,Male,150.220.47.140,840-78-8191
381,Jaquelin,Hurdiss,jhurdissak@cloudflare.com,Female,248.67.99.155,116-72-5758
382,Vinny,Tomasicchio,vtomasicchioal@is.gd,Male,97.242.60.164,589-29-5515
383,Hamil,McGreal,hmcgrealam@cbc.ca,Male,206.253.167.163,399-68-4839
384,Kiersten,Tubbs,ktubbsan@boston.com,Female,239.205.94.121,406-01-1907
385,Shandee,Pitts,spittsao@eventbrite.com,Female,107.127.20.201,292-55-5035
386,Gusty,Eldrett,geldrettap@shareasale.com,Female,201.195.229.209,573-96-5871
387,Bartolomeo,de Clercq,bdeclercqaq@usda.gov,Male,68.225.196.115,616-12-4714
388,Hedvige,Villaret,hvillaretar@discuz.net,Female,116.39.110.196,130-06-7993
389,Trula,Magauran,tmagauranas@army.mil,Female,79.11.77.223,825-34-8556
390,Marigold,Anstie,manstieat@biblegateway.com,Female,136.130.190.241,609-41-9169
391,Davide,McGarva,dmcgarvaau@europa.eu,Male,116.59.22.211,792-48-3054
392,Trudey,O'Cahey,tocaheyav@fda.gov,Female,71.31.132.79,895-55-4729
393,Rancell,Knappitt,rknappittaw@ucsd.edu,Male,65.61.193.63,458-85-8328
394,Chrisse,Wheelwright,cwheelwrightax@slate.com,Male,103.245.37.135,683-85-9615
395,Giffy,Guess,gguessay@wix.com,Male,36.221.101.113,904-81-1565
396,Cathryn,Rembaud,crembaudaz@usda.gov,Female,117.0.200.55,950-95-7768
397,Jerrine,Pharrow,jpharrowb0@blogtalkradio.com,Female,181.80.242.25,684-17-1274
398,Duane,D'eathe,ddeatheb1@phoca.cz,Male,75.161.113.41,786-57-3756
399,Richard,Senton,rsentonb2@goo.ne.jp,Male,111.30.224.22,725-40-7488
400,Alwyn,Colbron,acolbronb3@va.gov,Male,196.11.220.242,127-92-4037
401,Antonie,Edgerton,aedgertonb4@miibeian.gov.cn,Female,148.0.106.7,717-50-3289
402,Yorke,Corthes,ycorthesb5@sfgate.com,Male,219.244.139.20,905-50-3621
403,Tadd,Inchbald,tinchbaldb6@cnbc.com,Male,175.124.243.79,348-68-8553
404,Carr,Fortoun,cfortounb7@jigsy.com,Male,20.2.254.254,539-69-3281
405,Sharon,Sivewright,ssivewrightb8@nih.gov,Female,253.198.53.227,604-36-6044
406,Vernor,Toseland,vtoselandb9@cornell.edu,Male,206.217.16.213,177-39-5122
407,Yul,Trebble,ytrebbleba@bing.com,Male,21.125.21.164,338-29-8714
408,Tiffany,Tuckwood,ttuckwoodbb@mayoclinic.com,Female,76.13.169.220,195-60-2214
409,Saundra,Woolis,swoolisbc@chicagotribune.com,Male,153.143.32.114,568-94-7322
410,Noland,Scala,nscalabd@instagram.com,Male,118.235.238.179,637-14-1515
411,Tami,Grunwald,tgrunwaldbe@tripadvisor.com,Female,42.138.179.115,187-56-0009
412,Harlan,Stather,hstatherbf@nifty.com,Male,156.248.231.17,320-64-4448
413,Ashien,Stot,astotbg@stumbleupon.com,Female,224.71.241.155,758-36-7534
414,Milli,Tebbit,mtebbitbh@theglobeandmail.com,Female,145.1.226.165,135-62-3538
415,Hobard,MacEveley,hmaceveleybi@seesaa.net,Male,104.153.236.202,615-84-3697
416,Cinda,Frankish,cfrankishbj@imageshack.us,Female,150.122.101.239,591-07-5979
417,Ripley,Limeburner,rlimeburnerbk@bandcamp.com,Male,228.80.194.23,247-41-2365
418,Josi,Fritschel,jfritschelbl@webmd.com,Female,213.68.98.183,420-24-8012
419,Vivyan,Crecy,vcrecybm@google.com,Female,246.226.180.16,919-36-7697
420,Patrizia,Cafferty,pcaffertybn@printfriendly.com,Female,103.165.75.185,285-02-2366
421,Granthem,Gateshill,ggateshillbo@nationalgeographic.com,Male,57.158.225.35,683-35-7754
422,Osborne,Kleinstern,okleinsternbp@psu.edu,Male,192.40.141.240,952-29-0006
423,Selma,Brickell,sbrickellbq@virginia.edu,Female,72.53.220.17,251-73-8077
424,Gib,Fissenden,gfissendenbr@stumbleupon.com,Male,37.110.62.15,287-85-5994
425,Burt,Trenouth,btrenouthbs@columbia.edu,Male,25.88.226.62,490-54-9472
426,Danny,Whaplington,dwhaplingtonbt@sfgate.com,Female,248.164.187.33,490-50-4186
427,Miguelita,Ferrulli,mferrullibu@liveinternet.ru,Female,233.146.117.23,665-78-1647
428,Jandy,McClunaghan,jmcclunaghanbv@amazonaws.com,Female,200.5.222.197,464-73-3557
429,Kirby,Josuweit,kjosuweitbw@ftc.gov,Female,80.55.45.165,251-04-1932
430,Prissie,Yepiskopov,pyepiskopovbx@fc2.com,Female,42.40.187.145,839-77-2774
431,Chrissie,Hair,chairby@sbwire.com,Female,119.188.196.174,214-19-1510
432,Marne,Antoniak,mantoniakbz@discovery.com,Female,148.181.122.161,541-40-9969
433,Anitra,Fairweather,afairweatherc0@weibo.com,Female,67.244.197.26,765-92-3585
434,Cherri,Eversley,ceversleyc1@github.io,Female,48.183.48.231,876-86-3792
435,Roseanne,Asipenko,rasipenkoc2@so-net.ne.jp,Female,11.196.114.131,216-75-2182
436,Minnaminnie,Giddons,mgiddonsc3@sohu.com,Female,166.240.20.39,999-17-7680
437,Jackson,Esler,jeslerc4@google.ru,Male,16.203.117.52,589-73-8194
438,Hastie,Spreag,hspreagc5@nsw.gov.au,Male,152.51.78.128,414-93-6714
439,Chantalle,Hadgkiss,chadgkissc6@posterous.com,Female,119.66.217.118,113-85-1830
440,Rivkah,Spinige,rspinigec7@foxnews.com,Female,193.227.123.98,173-62-5415
441,Betta,Fieldhouse,bfieldhousec8@usnews.com,Female,22.246.45.215,774-65-0856
442,Sheppard,Carleman,scarlemanc9@cargocollective.com,Male,187.34.184.37,512-39-5426
443,Norine,Bausmann,nbausmannca@people.com.cn,Female,199.122.48.117,517-11-7986
444,De witt,Denness,ddennesscb@princeton.edu,Male,67.240.22.133,405-91-6279
445,Nevin,Graeser,ngraesercc@springer.com,Male,247.206.23.163,182-42-5739
446,Worthy,Almey,walmeycd@deliciousdays.com,Male,143.51.139.37,930-47-8243
447,Gordy,Linneman,glinnemance@cisco.com,Male,222.208.165.134,774-34-9808
448,Allx,Freear,afreearcf@cocolog-nifty.com,Female,200.200.208.104,561-74-6300
449,Jacky,Spier,jspiercg@bbb.org,Female,160.73.223.114,980-60-1174
450,Magnum,Pilkington,mpilkingtonch@topsy.com,Male,11.14.202.174,556-46-5891
451,Hester,Valsler,hvalslerci@ted.com,Female,39.240.104.164,844-82-3653
452,Raine,Kunzel,rkunzelcj@webnode.com,Female,212.82.176.40,326-98-3841
453,Noland,Aisbett,naisbettck@newyorker.com,Male,159.187.56.19,181-88-5140
454,Meredith,Hinemoor,mhinemoorcl@mtv.com,Female,119.28.18.111,116-38-0685
455,Blisse,Mackilpatrick,bmackilpatrickcm@blog.com,Female,254.235.245.60,231-44-1408
456,Cull,Wilkison,cwilkisoncn@slate.com,Male,106.228.74.167,635-91-1118
457,Issiah,Lippatt,ilippattco@shop-pro.jp,Male,13.146.22.47,368-53-7766
458,Toddie,Van Saltsberg,tvansaltsbergcp@independent.co.uk,Male,190.226.176.168,518-64-3784
459,Andros,Gobbet,agobbetcq@example.com,Male,47.181.189.43,318-04-4038
460,Rosetta,Pache,rpachecr@tmall.com,Female,103.221.176.57,558-21-5128
461,Rikki,Kinkead,rkinkeadcs@telegraph.co.uk,Female,193.25.25.41,375-47-1550
462,Nert,Leyninye,nleyninyect@symantec.com,Female,239.168.60.16,706-89-5892
463,Myrvyn,Gurwood,mgurwoodcu@xinhuanet.com,Male,177.64.58.34,256-72-5766
464,Freddi,Kennelly,fkennellycv@rakuten.co.jp,Female,72.133.8.245,223-97-3969
465,Rich,Barter,rbartercw@squarespace.com,Male,54.25.84.18,910-51-3470
466,Kevina,Wyrall,kwyrallcx@ihg.com,Female,12.131.154.230,744-49-1783
467,Garv,Lalevee,glaleveecy@discuz.net,Male,168.226.147.214,953-29-7346
468,Kiel,Bickerton,kbickertoncz@bing.com,Male,169.227.63.249,528-36-8518
469,Orren,Alred,oalredd0@google.co.jp,Male,91.154.12.162,431-03-6143
470,Ninetta,Negal,nnegald1@comcast.net,Female,72.81.86.211,721-18-5334
471,Torrance,Roux,trouxd2@boston.com,Male,112.184.57.6,837-88-3834
472,Leanora,Sanpere,lsanpered3@1688.com,Female,33.205.237.215,763-20-3718
473,Amargo,Grayston,agraystond4@multiply.com,Female,189.19.11.2,284-61-5488
474,Karee,Fahey,kfaheyd5@phpbb.com,Female,47.26.111.149,630-64-6834
475,Dari,Roskeilly,droskeillyd6@ning.com,Female,86.46.3.4,905-83-5084
476,Kassandra,Cogan,kcogand7@ebay.com,Female,247.102.133.189,756-74-3335
477,Granger,Giacobo,ggiacobod8@pagesperso-orange.fr,Male,143.156.197.29,491-15-5993
478,Mead,Logue,mlogued9@businesswire.com,Female,208.52.156.100,853-74-8877
479,Helga,Frift,hfriftda@blogtalkradio.com,Female,108.229.167.128,503-22-4317
480,Rania,Kalkhoven,rkalkhovendb@diigo.com,Female,156.131.64.130,729-23-7475
481,Devinne,Janowicz,djanowiczdc@merriam-webster.com,Female,228.56.52.117,736-03-9906
482,Cherish,Punyer,cpunyerdd@hhs.gov,Female,38.251.248.179,553-33-8750
483,Em,Boig,eboigde@si.edu,Male,42.108.83.3,853-15-0144
484,Kristy,Lorkin,klorkindf@edublogs.org,Female,246.103.236.202,927-65-6876
485,Lauren,Slegg,lsleggdg@slate.com,Male,200.226.121.16,720-85-7070
486,Kim,Borkett,kborkettdh@miitbeian.gov.cn,Female,218.190.113.174,564-23-7089
487,Correy,Ravenscroftt,cravenscrofttdi@cnbc.com,Male,125.80.223.65,512-26-7752
488,Berk,Fruser,bfruserdj@unblog.fr,Male,167.3.169.78,495-60-9497
489,Serena,Ajean,sajeandk@gravatar.com,Female,152.171.192.108,924-45-4304
490,Gabbi,Guiet,gguietdl@msu.edu,Female,89.118.184.46,346-81-4964
491,Pammy,Snare,psnaredm@com.com,Female,220.22.231.157,877-46-4118
492,Bamby,Mathivat,bmathivatdn@over-blog.com,Female,36.90.214.20,957-49-8766
493,Mae,Itzkovitch,mitzkovitchdo@e-recht24.de,Female,1.116.106.199,320-35-8821
494,Anny,Miguet,amiguetdp@delicious.com,Female,118.91.211.74,667-42-7919
495,Codie,Kaines,ckainesdq@wikia.com,Male,10.138.241.18,275-33-1709
496,Gregor,Conti,gcontidr@booking.com,Male,173.99.62.46,257-39-8599
497,Cornell,Mc Pake,cmcpakeds@4shared.com,Male,49.54.82.141,140-74-5036
498,Margaux,Lemme,mlemmedt@yahoo.com,Female,0.139.222.46,634-81-6487
499,Enrico,Durand,eduranddu@merriam-webster.com,Male,51.30.74.56,907-22-4934
500,Fairlie,Coste,fcostedv@wisc.edu,Male,92.7.230.77,431-14-0800
501,Sarene,Kennford,skennforddw@guardian.co.uk,Female,245.52.226.82,909-73-2278
502,Dillie,McGeechan,dmcgeechandx@lulu.com,Male,223.38.234.118,132-34-6267
503,Clio,Baggiani,cbaggianidy@noaa.gov,Female,144.230.133.50,930-51-5192
504,Darnall,Klainer,dklainerdz@squarespace.com,Male,197.58.55.79,389-36-0554
505,Ardath,Garforth,agarforthe0@taobao.com,Female,18.164.70.96,329-47-7179
506,Jarrett,Guisler,jguislere1@quantcast.com,Male,82.237.104.243,861-82-9901
507,Gideon,Shenfisch,gshenfische2@aol.com,Male,218.130.208.13,408-53-1931
508,Bryana,Rowntree,browntreee3@youtu.be,Female,231.71.183.62,544-88-3340
509,Virginie,Peppard,vpepparde4@jiathis.com,Female,127.208.116.3,387-99-4687
510,Heywood,Bickerstaffe,hbickerstaffee5@t-online.de,Male,86.161.208.215,130-26-8803
511,Aubine,Ortiga,aortigae6@jalbum.net,Female,235.87.226.149,449-81-2162
512,Yance,Nutkins,ynutkinse7@wordpress.org,Male,209.213.27.183,412-33-4697
513,Gwennie,Heyburn,gheyburne8@indiegogo.com,Female,192.247.168.36,361-49-9557
514,Jerrine,Kydde,jkyddee9@cargocollective.com,Female,166.67.196.73,773-20-1435
515,Francisco,Silly,fsillyea@hexun.com,Male,51.152.24.224,464-82-3976
516,Gabie,Ranns,grannseb@mit.edu,Male,106.133.240.184,508-56-5197
517,Annamarie,Ricardin,aricardinec@is.gd,Female,110.137.163.151,512-91-1983
518,Kassey,Mamwell,kmamwelled@clickbank.net,Female,152.91.167.69,199-16-0209
519,Emanuele,Adrianello,eadrianelloee@csmonitor.com,Male,193.191.20.114,538-70-8237
520,Claybourne,Conybear,cconybearef@google.com.hk,Male,121.235.114.54,886-33-9408
521,Benn,Zamudio,bzamudioeg@un.org,Male,205.161.127.130,223-52-1792
522,Monro,Pattle,mpattleeh@mediafire.com,Male,157.197.80.28,405-12-2685
523,Jermaine,Nisco,jniscoei@theguardian.com,Male,119.22.181.229,926-79-3606
524,Simone,Jack,sjackej@topsy.com,Male,205.146.246.6,732-00-1739
525,Magdaia,Deacon,mdeaconek@de.vu,Female,136.127.79.199,309-64-1187
526,Casie,Saben,csabenel@auda.org.au,Female,11.3.15.106,928-46-9061
527,Skelly,Benbrick,sbenbrickem@alibaba.com,Male,175.85.54.226,579-83-6035
528,Aube,Hardison,ahardisonen@dell.com,Male,20.138.18.46,241-96-1804
529,Lorry,Luis,lluiseo@time.com,Female,133.170.46.152,883-47-0503
530,Arleen,Simmig,asimmigep@arstechnica.com,Female,101.236.74.138,331-51-7777
531,Brianne,Ruf,brufeq@berkeley.edu,Female,117.206.39.131,420-86-3580
532,Ketty,Jedras,kjedraser@phoca.cz,Female,15.145.22.79,130-54-4605
533,Greggory,Arsnell,garsnelles@elpais.com,Male,100.198.17.228,913-71-9418
534,Liza,Pepineaux,lpepineauxet@163.com,Female,7.60.138.243,508-18-8852
535,Sarita,McNiven,smcniveneu@icq.com,Female,229.29.204.44,788-10-8158
536,Leonid,Palffrey,lpalffreyev@shutterfly.com,Male,136.36.87.32,822-69-8616
537,Amalita,Soane,asoaneew@soundcloud.com,Female,205.75.217.200,287-91-1325
538,Cleopatra,Leeds,cleedsex@scientificamerican.com,Female,49.62.68.111,869-54-3964
539,Dennet,Zeal,dzealey@economist.com,Male,20.20.108.161,155-31-1139
540,Holly,Ellwell,hellwellez@plala.or.jp,Female,216.76.216.229,196-47-8736
541,Edan,Cradick,ecradickf0@geocities.jp,Male,215.220.107.34,154-35-8152
542,Berke,Winspar,bwinsparf1@123-reg.co.uk,Male,173.0.100.127,526-30-7980
543,Merridie,Harriagn,mharriagnf2@surveymonkey.com,Female,171.108.162.23,452-97-4148
544,Shandee,De Matteis,sdematteisf3@google.de,Female,19.113.180.199,467-42-4452
545,Ralf,Zimmerman,rzimmermanf4@xing.com,Male,27.182.205.82,582-54-5530
546,Chauncey,Oldale,coldalef5@cdbaby.com,Male,36.190.249.4,496-86-7386
547,Barthel,Nickels,bnickelsf6@engadget.com,Male,64.236.206.131,169-33-7944
548,Catherina,Eagland,ceaglandf7@princeton.edu,Female,208.57.144.151,795-33-8737
549,Teodorico,Levett,tlevettf8@google.co.jp,Male,206.143.96.64,298-93-2022
550,Keir,Swadden,kswaddenf9@cnet.com,Male,202.30.236.186,296-09-6902
551,Husain,Dukes,hdukesfa@sciencedirect.com,Male,196.241.118.254,669-31-3473
552,Sayre,Pakenham,spakenhamfb@businessweek.com,Male,139.123.184.122,676-86-4059
553,Rosabelle,Randales,rrandalesfc@tuttocitta.it,Female,103.235.16.210,858-59-1113
554,Osmund,Zollner,ozollnerfd@goodreads.com,Male,198.168.119.203,871-28-2917
555,Maurene,Prest,mprestfe@goo.gl,Female,196.111.65.237,834-48-1301
556,Pammi,Mackrill,pmackrillff@si.edu,Female,93.138.142.181,358-49-6154
557,Odelle,Kleinert,okleinertfg@google.com.br,Female,166.173.239.45,234-44-6090
558,Johnathan,Sturgeon,jsturgeonfh@amazonaws.com,Male,112.44.108.16,863-15-1557
559,Halsy,Lohmeyer,hlohmeyerfi@yellowbook.com,Male,49.172.17.45,457-27-5034
560,Bernadine,McAreavey,bmcareaveyfj@myspace.com,Female,8.232.191.149,578-82-8936
561,Debora,Plaster,dplasterfk@last.fm,Female,88.58.3.212,611-34-8385
562,Sibeal,Greensmith,sgreensmithfl@wsj.com,Female,29.127.88.222,466-61-3224
563,Jethro,Marsh,jmarshfm@npr.org,Male,247.167.71.249,990-43-4753
564,Steffi,Stollenberg,sstollenbergfn@nasa.gov,Female,210.220.216.110,207-98-2588
565,Phil,Shingler,pshinglerfo@amazon.com,Female,188.161.243.23,604-94-8711
566,Lilas,Goggan,lgogganfp@paginegialle.it,Female,136.88.184.34,826-32-5918
567,Kaleb,Lotwich,klotwichfq@about.com,Male,167.20.76.48,568-40-8004
568,Harv,Copello,hcopellofr@e-recht24.de,Male,96.95.3.74,707-93-6510
569,Joanie,Bearham,jbearhamfs@comsenz.com,Female,22.174.53.146,132-57-0564
570,Hamlin,Jelfs,hjelfsft@china.com.cn,Male,35.88.61.231,991-93-4065
571,Lisha,MacKeig,lmackeigfu@tripadvisor.com,Female,161.193.139.172,644-51-3754
572,Gibb,Meeland,gmeelandfv@4shared.com,Male,164.87.220.25,210-29-6824
573,Stan,Redfearn,sredfearnfw@slate.com,Male,53.181.77.63,293-54-5079
574,Kellina,Capron,kcapronfx@friendfeed.com,Female,204.59.208.141,120-97-3104
575,Hermy,Brimmicombe,hbrimmicombefy@qq.com,Male,206.203.68.136,501-92-5841
576,Kermy,Churchill,kchurchillfz@nifty.com,Male,44.165.220.71,297-06-8687
577,Theo,Heyfield,theyfieldg0@xrea.com,Male,77.8.46.121,135-54-6113
578,Matthew,Piotrkowski,mpiotrkowskig1@utexas.edu,Male,207.78.73.195,214-04-9608
579,Cortie,Harridge,charridgeg2@liveinternet.ru,Male,174.255.242.190,530-12-4920
580,Bella,Blackleech,bblackleechg3@businessweek.com,Female,78.174.70.243,948-66-8613
581,Kissie,Kendal,kkendalg4@toplist.cz,Female,170.249.250.180,650-80-7632
582,Felicia,Standbrook,fstandbrookg5@51.la,Female,56.123.48.136,907-90-0871
583,Marlyn,Newsome,mnewsomeg6@ameblo.jp,Female,106.227.244.32,324-78-0514
584,Aloin,Keir,akeirg7@cornell.edu,Male,81.239.33.147,432-55-2614
585,Monika,Pheby,mphebyg8@purevolume.com,Female,19.54.92.122,698-18-6267
586,Hilary,Druitt,hdruittg9@walmart.com,Male,15.228.143.226,276-36-6698
587,Tully,Briddock,tbriddockga@purevolume.com,Male,26.196.144.81,298-84-5126
588,Ardelis,Brainsby,abrainsbygb@mysql.com,Female,171.229.184.253,691-92-2545
589,Frederik,Asbrey,fasbreygc@photobucket.com,Male,85.184.116.179,623-06-5523
590,Lowell,Prisk,lpriskgd@msu.edu,Male,114.50.58.216,348-88-5770
591,Clemens,Sheran,csherange@e-recht24.de,Male,127.201.22.81,580-18-5617
592,Nealson,Colston,ncolstongf@hubpages.com,Male,30.243.58.184,308-04-4188
593,Dall,Vink,dvinkgg@foxnews.com,Male,11.144.123.50,118-61-7491
594,Pepito,Lorans,ploransgh@imageshack.us,Male,71.48.223.167,555-81-0649
595,Anatole,Hazeup,ahazeupgi@epa.gov,Male,138.188.44.183,397-15-3683
596,Lonee,Kynton,lkyntongj@wordpress.org,Female,232.53.9.162,745-86-4326
597,Sunshine,McNeil,smcneilgk@etsy.com,Female,171.184.133.170,607-38-6278
598,Cristionna,Syers,csyersgl@soup.io,Female,144.30.70.241,117-57-7119
599,Katie,Fandrich,kfandrichgm@ebay.com,Female,19.108.58.206,764-34-6132
600,Arnold,Parks,aparksgn@linkedin.com,Male,50.114.17.190,992-01-1105
601,Ellsworth,Calles,ecallesgo@tmall.com,Male,30.34.136.140,743-20-9692
602,Abram,McCrie,amccriegp@geocities.jp,Male,231.54.221.224,682-84-4940
603,Ebeneser,Coolbear,ecoolbeargq@acquirethisname.com,Male,17.171.243.247,889-12-9142
604,Sherline,Rawet,srawetgr@desdev.cn,Female,102.7.150.171,198-70-9378
605,Jervis,Kemet,jkemetgs@businessweek.com,Male,68.23.94.12,895-23-1851
606,Sarine,Legendre,slegendregt@amazonaws.com,Female,137.203.46.108,498-59-6561
607,Ethelred,Zaniolo,ezaniologu@youtu.be,Male,25.120.242.156,595-92-1396
608,Grayce,Attride,gattridegv@nasa.gov,Female,23.217.179.177,839-57-5012
609,Grantley,Bampfield,gbampfieldgw@bing.com,Male,55.169.13.22,710-37-5494
610,Mariya,Pieche,mpiechegx@miitbeian.gov.cn,Female,191.93.109.61,315-16-0681
611,Daren,Pretsel,dpretselgy@ucoz.ru,Male,10.242.171.172,911-76-3889
612,Bartlet,Attyeo,battyeogz@businesswire.com,Male,165.252.49.213,450-52-6182
613,Prudence,Roblett,probletth0@google.de,Female,53.142.54.230,569-65-2360
614,Harmon,Rosindill,hrosindillh1@jimdo.com,Male,85.15.198.153,544-40-7187
615,Ethel,Tomaello,etomaelloh2@joomla.org,Female,199.155.60.174,460-58-6107
616,Ivonne,Partner,ipartnerh3@nps.gov,Female,148.143.171.232,410-06-4918
617,Ariadne,Clutterbuck,aclutterbuckh4@typepad.com,Female,216.14.228.235,715-34-4166
618,Art,Guerreiro,aguerreiroh5@businessweek.com,Male,75.238.178.159,111-79-6346
619,Sheba,Emmins,semminsh6@ucsd.edu,Female,222.79.128.116,397-66-3771
620,Avis,Binder,abinderh7@rakuten.co.jp,Female,235.28.123.150,850-91-7939
621,Gayler,Pawels,gpawelsh8@soup.io,Male,108.222.255.117,553-32-8967
622,Anna-diane,Finlay,afinlayh9@newsvine.com,Female,1.84.230.103,463-10-1010
623,Hillie,Aisman,haismanha@rambler.ru,Male,39.148.15.92,885-19-3017
624,Janet,Lough,jloughhb@g.co,Female,129.203.60.141,116-35-0684
625,Arther,Urian,aurianhc@drupal.org,Male,117.26.7.13,803-11-9371
626,Jacklin,Britt,jbritthd@gravatar.com,Female,226.230.196.34,968-46-5699
627,Francklyn,Ilyunin,filyuninhe@jiathis.com,Male,176.205.38.223,830-62-1235
628,Sybyl,Benford,sbenfordhf@geocities.com,Female,84.5.103.52,972-68-8696
629,Gaby,Gales,ggaleshg@latimes.com,Male,142.56.62.236,709-22-0934
630,Danyette,Greste,dgrestehh@dailymail.co.uk,Female,63.71.153.6,939-75-8924
631,Moritz,Melmar,mmelmarhi@dyndns.org,Male,202.255.81.8,777-89-7902
632,Vidovik,Botton,vbottonhj@weibo.com,Male,160.206.237.92,600-70-1526
633,Frans,Dallaway,fdallawayhk@vkontakte.ru,Male,209.9.64.177,939-69-7470
634,Fonzie,Canby,fcanbyhl@toplist.cz,Male,223.87.170.149,509-28-0408
635,Raimondo,Losty,rlostyhm@angelfire.com,Male,207.138.155.18,252-95-5987
636,Libbie,Safe,lsafehn@hugedomains.com,Female,23.86.16.235,537-21-2979
637,Roberta,Hilley,rhilleyho@prnewswire.com,Female,69.169.54.140,353-87-5656
638,Gipsy,Capoun,gcapounhp@networkadvertising.org,Female,150.99.248.181,170-18-3988
639,Christophorus,Mapp,cmapphq@ted.com,Male,49.11.34.234,504-75-3176
640,Cammy,Matzel,cmatzelhr@wired.com,Female,252.222.103.81,526-20-8727
641,Dare,Risborough,drisboroughhs@mac.com,Male,212.23.107.24,801-67-3909
642,Antonino,Stranger,astrangerht@si.edu,Male,50.38.192.47,608-38-7753
643,Janette,Farmar,jfarmarhu@disqus.com,Female,114.117.215.79,373-32-5747
644,Derwin,Thornewell,dthornewellhv@wordpress.com,Male,4.232.135.220,489-63-2262
645,Roberto,Brandreth,rbrandrethhw@bandcamp.com,Male,42.79.221.190,771-31-8145
646,Tomkin,Seamans,tseamanshx@hao123.com,Male,156.65.241.240,958-82-7023
647,Eachelle,Feron,eferonhy@cargocollective.com,Female,48.72.109.64,509-90-7621
648,Violette,Seear,vseearhz@163.com,Female,171.251.178.251,556-78-2959
649,Shoshana,Ledgley,sledgleyi0@timesonline.co.uk,Female,18.161.35.149,970-28-2707
650,Dani,Jeaycock,djeaycocki1@opera.com,Female,182.170.207.98,364-48-9900
651,Darwin,L'Episcopio,dlepiscopioi2@whitehouse.gov,Male,171.197.243.62,375-17-7844
652,Elene,Pavey,epaveyi3@linkedin.com,Female,52.65.140.0,945-34-3828
653,Eddy,Collingwood,ecollingwoodi4@geocities.jp,Male,157.35.30.209,341-64-1905
654,Rex,Hinstock,rhinstocki5@soundcloud.com,Male,205.13.178.235,835-42-8185
655,Wendall,Peiser,wpeiseri6@blogs.com,Male,165.163.34.66,775-61-4030
656,Justine,Golland,jgollandi7@umn.edu,Female,172.127.254.39,212-35-2428
657,Leona,Bedbrough,lbedbroughi8@uiuc.edu,Female,124.91.138.102,385-86-0732
658,Bogey,Ashdown,bashdowni9@webnode.com,Male,100.50.255.187,831-76-3504
659,Matelda,Negal,mnegalia@mozilla.com,Female,116.202.224.230,783-91-5842
660,Zelda,Aird,zairdib@discuz.net,Female,223.52.147.39,353-98-8828
661,Christabella,Moret,cmoretic@slideshare.net,Female,154.89.202.97,575-85-6679
662,Arlette,Eddies,aeddiesid@jalbum.net,Female,87.10.196.59,288-55-1739
663,Latia,Van Weedenburg,lvanweedenburgie@google.ru,Female,20.253.107.137,470-40-0852
664,Alan,Sacase,asacaseif@icq.com,Male,193.105.133.229,213-62-4763
665,Annabella,Leyton,aleytonig@amazon.co.jp,Female,191.32.53.180,161-81-8539
666,Zara,Worts,zwortsih@slashdot.org,Female,215.73.254.103,697-37-9111
667,Verina,Gipp,vgippii@vk.com,Female,74.9.100.127,626-30-0356
668,Stafford,Trunks,strunksij@e-recht24.de,Male,82.118.147.140,330-39-7348
669,Holden,Mickelwright,hmickelwrightik@tinypic.com,Male,181.157.167.110,389-20-5273
670,Bartel,La Torre,blatorreil@livejournal.com,Male,21.237.68.138,523-71-0313
671,Becky,Tuttiett,btuttiettim@bravesites.com,Female,225.147.243.218,468-98-3113
672,Remus,Jeacocke,rjeacockein@pen.io,Male,83.40.122.43,759-83-0315
673,Briggs,Infante,binfanteio@prlog.org,Male,184.66.220.167,637-07-6679
674,Blinny,MacLeod,bmacleodip@exblog.jp,Female,254.142.177.163,121-95-9677
675,Alica,Lidbetter,alidbetteriq@163.com,Female,168.5.177.117,305-86-4991
676,Matthiew,Ayer,mayerir@amazon.co.uk,Male,61.24.154.93,532-09-9704
677,Napoleon,Girodon,ngirodonis@upenn.edu,Male,229.87.246.252,381-41-9752
678,Ripley,Lepick,rlepickit@economist.com,Male,102.23.19.222,709-57-9919
679,Brigitte,Crosskill,bcrosskilliu@gravatar.com,Female,101.56.169.30,165-57-3522
680,Kathryne,Falvey,kfalveyiv@blogger.com,Female,166.72.65.132,713-18-6356
681,Freeland,Athy,fathyiw@exblog.jp,Male,34.252.75.111,770-87-2019
682,Steward,Arndtsen,sarndtsenix@howstuffworks.com,Male,252.8.88.245,569-41-2368
683,Donalt,Grandin,dgrandiniy@redcross.org,Male,79.151.233.237,695-73-4746
684,Nigel,Bunting,nbuntingiz@pen.io,Male,214.180.220.201,846-50-6392
685,Lorens,Naerup,lnaerupj0@ted.com,Male,61.186.53.202,420-05-5418
686,Tallou,Sowerbutts,tsowerbuttsj1@jugem.jp,Female,86.88.9.163,955-69-6983
687,Geordie,Righy,grighyj2@wix.com,Male,224.111.140.85,855-09-2361
688,Kassey,Kerbler,kkerblerj3@vinaora.com,Female,99.136.206.223,683-83-7960
689,Whitney,Goodwill,wgoodwillj4@icq.com,Male,26.229.65.121,238-76-9255
690,Rad,Giotto,rgiottoj5@wikipedia.org,Male,103.35.15.104,480-99-8960
691,Arlen,Tesimon,atesimonj6@domainmarket.com,Male,104.84.13.194,492-83-5995
692,Vasilis,Rigney,vrigneyj7@cdbaby.com,Male,108.113.5.178,825-69-7570
693,Katerine,Denisevich,kdenisevichj8@microsoft.com,Female,100.211.238.17,196-61-5675
694,Portia,Shout,pshoutj9@wp.com,Female,239.119.226.129,863-14-9738
695,Jonathan,Simonnot,jsimonnotja@unblog.fr,Male,99.188.44.226,755-77-2529
696,Ronald,Wimes,rwimesjb@blogtalkradio.com,Male,192.237.133.134,997-78-7392
697,Gilberte,Marquet,gmarquetjc@bloglovin.com,Female,24.128.201.10,297-79-5615
698,Karol,Viner,kvinerjd@cnbc.com,Female,46.98.46.145,323-77-9990
699,Cale,Bleythin,cbleythinje@google.co.uk,Male,210.144.35.73,538-72-5192
700,Spense,Lakenden,slakendenjf@mysql.com,Male,157.156.98.22,240-75-9504
701,Gianina,Westoll,gwestolljg@lycos.com,Female,166.204.253.184,861-95-2612
702,Currey,Aynold,caynoldjh@rambler.ru,Male,127.72.163.63,681-68-4626
703,Perle,Poles,ppolesji@myspace.com,Female,251.44.121.227,134-26-1363
704,Cornell,Harewood,charewoodjj@youtu.be,Male,140.225.112.172,252-04-2561
705,Kermit,Skeldinge,kskeldingejk@pcworld.com,Male,145.215.126.173,412-69-3988
706,Rocky,Rubinlicht,rrubinlichtjl@constantcontact.com,Male,79.8.146.174,141-47-3070
707,Patrick,Gosling,pgoslingjm@123-reg.co.uk,Male,113.30.135.189,870-56-7255
708,Vinny,Hankins,vhankinsjn@youtube.com,Female,192.86.205.154,846-91-1425
709,Tine,Polye,tpolyejo@forbes.com,Female,209.21.101.147,190-33-8556
710,Adrianna,Tupling,atuplingjp@archive.org,Female,159.75.132.123,571-68-8505
711,Aube,More,amorejq@shop-pro.jp,Male,157.171.247.118,946-24-2286
712,Penelope,Tilt,ptiltjr@amazon.co.uk,Female,7.238.118.62,437-24-8248
713,Etty,Guerrier,eguerrierjs@howstuffworks.com,Female,234.127.227.171,316-44-2037
714,Catharina,Poker,cpokerjt@skyrock.com,Female,112.103.86.118,761-34-9826
715,Emyle,Ure,eureju@npr.org,Female,82.220.123.67,355-36-4200
716,Ollie,Kibblewhite,okibblewhitejv@wp.com,Male,238.50.141.32,484-01-4442
717,Sonny,Delaney,sdelaneyjw@zdnet.com,Male,73.125.45.146,825-88-0103
718,Benedicto,Adamec,badamecjx@gnu.org,Male,100.117.195.47,786-91-0903
719,Clarance,Vaar,cvaarjy@devhub.com,Male,69.74.230.46,435-61-1223
720,Lissi,Bruntjen,lbruntjenjz@vimeo.com,Female,88.172.8.3,452-73-2878
721,Roderick,Oxford,roxfordk0@smugmug.com,Male,195.175.230.225,488-85-1164
722,Ansel,Dunton,aduntonk1@goo.gl,Male,230.0.38.249,570-32-2504
723,Maurine,Lathleiff,mlathleiffk2@upenn.edu,Female,133.143.172.217,648-91-0164
724,Anet,Lammerts,alammertsk3@omniture.com,Female,143.58.39.149,962-77-4148
725,Darwin,Jodlowski,djodlowskik4@squarespace.com,Male,52.191.70.201,233-89-3156
726,Nester,Scambler,nscamblerk5@jalbum.net,Male,162.186.211.133,172-83-5490
727,Pamelina,Booton,pbootonk6@google.co.uk,Female,66.244.244.15,385-52-0437
728,Nessie,Snooks,nsnooksk7@ibm.com,Female,15.90.227.194,128-32-0342
729,Pippo,Halso,phalsok8@boston.com,Male,112.165.248.154,836-55-3926
730,Blinnie,Wyllcock,bwyllcockk9@posterous.com,Female,192.153.186.192,121-58-1536
731,Emmott,Portal,eportalka@creativecommons.org,Male,52.211.90.83,125-11-1099
732,Kris,Reinhard,kreinhardkb@youtu.be,Male,217.90.73.163,320-04-0666
733,Quinlan,Ivashin,qivashinkc@vistaprint.com,Male,27.1.151.245,681-67-8667
734,Gilberto,Franklin,gfranklinkd@tinypic.com,Male,115.234.239.197,363-42-7999
735,Cal,Grogona,cgrogonake@ibm.com,Male,139.140.246.211,524-86-7026
736,Corbett,Parris,cparriskf@ibm.com,Male,193.51.46.231,957-73-7032
737,Holly,Blacklidge,hblacklidgekg@dot.gov,Female,194.188.0.159,142-24-2010
738,Felic,Buckthorp,fbuckthorpkh@tripadvisor.com,Male,195.165.229.38,963-49-6465
739,Zilvia,Sansbury,zsansburyki@google.fr,Female,59.166.50.245,359-55-3630
740,Bryn,Arkwright,barkwrightkj@imgur.com,Male,9.174.95.209,207-54-3039
741,Neda,Lockhart,nlockhartkk@japanpost.jp,Female,253.227.230.240,914-33-3988
742,Clarey,Rubertis,crubertiskl@ft.com,Female,124.68.200.222,585-49-5580
743,Clementine,Crowest,ccrowestkm@opensource.org,Female,175.236.5.36,627-03-6608
744,Myrta,Guerin,mguerinkn@ow.ly,Female,81.114.101.144,235-88-3801
745,Jaquith,Wallach,jwallachko@dedecms.com,Female,157.95.81.86,507-53-8306
746,Rochette,Rawsthorne,rrawsthornekp@artisteer.com,Female,158.51.68.79,680-67-5551
747,Rosalinda,Bampfield,rbampfieldkq@uol.com.br,Female,16.208.205.179,759-91-1796
748,Albertine,Kidman,akidmankr@about.me,Female,78.243.106.96,655-73-8447
749,Matty,Thoresbie,mthoresbieks@tinyurl.com,Male,238.176.36.60,952-74-1802
750,Charmain,Moylane,cmoylanekt@sogou.com,Female,61.45.128.22,115-03-3182
751,Stephenie,Furness,sfurnessku@cnet.com,Female,245.141.183.54,206-83-0105
752,Hinze,Minors,hminorskv@yahoo.com,Male,42.152.174.128,204-36-9422
753,Sena,Eustes,seusteskw@slideshare.net,Female,184.77.91.90,977-15-8707
754,Eda,Flavelle,eflavellekx@vkontakte.ru,Female,79.148.67.4,772-33-5441
755,Pollyanna,Gilling,pgillingky@auda.org.au,Female,124.147.230.236,889-42-3418
756,Tannie,MacPherson,tmacphersonkz@soup.io,Male,10.54.38.68,645-49-6623
757,Colas,Huyton,chuytonl0@techcrunch.com,Male,48.61.166.138,661-23-9759
758,Duke,Treagus,dtreagusl1@go.com,Male,240.145.92.114,909-31-6647
759,Nataline,Jeyness,njeynessl2@usgs.gov,Female,189.193.230.120,955-26-2266
760,Bess,Kleis,bkleisl3@patch.com,Female,204.106.144.23,901-06-0750
761,Darcie,Reddell,dreddelll4@nyu.edu,Female,188.102.209.104,549-54-6015
762,Kayla,Nare,knarel5@nature.com,Female,120.176.234.18,256-35-7968
763,Morna,Sute,msutel6@goo.ne.jp,Female,30.173.64.206,439-36-6660
764,Ericka,Bedberry,ebedberryl7@smugmug.com,Female,225.152.177.135,305-65-2485
765,Reyna,Christophers,rchristophersl8@reddit.com,Female,234.196.125.29,217-70-0714
766,Kalindi,Lawdham,klawdhaml9@chron.com,Female,46.25.182.229,587-33-7095
767,Alonzo,Raynton,arayntonla@time.com,Male,25.186.243.191,154-79-6435
768,Roda,Hackwell,rhackwelllb@dailymotion.com,Female,122.57.97.44,284-11-9267
769,Justino,Boutellier,jboutellierlc@fc2.com,Male,46.190.98.14,204-19-8174
770,Magnum,Sorel,msorelld@hugedomains.com,Male,63.48.91.146,760-21-0693
771,Athena,Vernazza,avernazzale@jalbum.net,Female,212.0.229.33,651-59-6293
772,Willette,Bevington,wbevingtonlf@telegraph.co.uk,Female,105.79.248.218,376-77-3237
773,Chevy,Gisburn,cgisburnlg@abc.net.au,Male,240.87.187.11,874-42-6346
774,Curry,Rainton,craintonlh@un.org,Male,76.11.42.65,668-62-9066
775,Grannie,Jantzen,gjantzenli@trellian.com,Male,204.44.177.135,333-74-7963
776,Luigi,Foran,lforanlj@skype.com,Male,37.68.148.67,865-09-4551
777,Sadie,Keitley,skeitleylk@biblegateway.com,Female,38.133.89.187,152-88-4349
778,Andrus,Downham,adownhamll@cargocollective.com,Male,79.36.157.38,439-41-4426
779,Kendell,Ashenhurst,kashenhurstlm@opensource.org,Male,200.236.201.64,366-20-7227
780,Elie,Girauld,egirauldln@bbc.co.uk,Female,163.109.221.58,459-15-7779
781,Denver,Otley,dotleylo@umich.edu,Male,178.89.75.108,255-52-7830
782,Flor,Drewery,fdrewerylp@newyorker.com,Female,154.190.144.167,920-37-4953
783,Ericka,Rowson,erowsonlq@discovery.com,Female,77.224.52.138,431-54-8522
784,Barn,Jansa,bjansalr@cnn.com,Male,37.122.73.207,294-48-0698
785,Berty,Lowry,blowryls@sun.com,Male,154.88.201.104,787-45-9030
786,Brandy,Blinco,bblincolt@java.com,Male,180.209.29.224,957-08-7804
787,Missie,Lovett,mlovettlu@addtoany.com,Female,6.253.42.93,733-18-2682
788,Mick,Goodered,mgooderedlv@ebay.com,Male,253.78.215.93,575-08-8949
789,Elizabet,Steiner,esteinerlw@flavors.me,Female,104.189.219.61,430-53-8601
790,Nedda,Puddle,npuddlelx@fastcompany.com,Female,199.237.67.246,643-52-1674
791,Norma,Dungey,ndungeyly@freewebs.com,Female,126.180.182.162,417-27-5894
792,Cesar,Garmon,cgarmonlz@acquirethisname.com,Male,153.74.235.157,756-08-1939
793,Rudie,Paroni,rparonim0@simplemachines.org,Male,120.61.164.235,977-08-2868
794,Vivi,Skinley,vskinleym1@pbs.org,Female,154.151.11.47,209-07-5450
795,Chaddy,Solomonides,csolomonidesm2@odnoklassniki.ru,Male,224.246.249.6,405-83-2397
796,Bald,Girardy,bgirardym3@cdbaby.com,Male,8.119.98.145,329-58-2259
797,Randi,Wintersgill,rwintersgillm4@apache.org,Female,214.234.174.165,344-91-9300
798,Prentice,Josskowitz,pjosskowitzm5@va.gov,Male,109.77.150.71,294-98-5677
799,Darnell,Cassie,dcassiem6@google.cn,Male,144.32.184.171,671-44-8829
800,Arlina,Vallentin,avallentinm7@weebly.com,Female,26.247.143.216,279-52-0441
801,Deb,Musprat,dmuspratm8@ibm.com,Female,161.36.22.140,475-40-3850
802,Nikolos,Endon,nendonm9@163.com,Male,94.87.6.228,546-50-8408
803,Simeon,Ruggles,srugglesma@about.me,Male,96.33.29.255,712-35-2448
804,Charlot,Younghusband,cyounghusbandmb@lycos.com,Female,164.162.128.216,868-88-4707
805,Kellsie,Mullin,kmullinmc@devhub.com,Female,206.254.217.237,128-03-7201
806,Emiline,Moar,emoarmd@twitter.com,Female,250.64.126.156,912-78-5077
807,Sidnee,Buie,sbuieme@google.nl,Male,33.210.223.126,542-79-3430
808,Priscilla,Rozzell,prozzellmf@linkedin.com,Female,143.191.61.11,944-53-8540
809,Tuckie,Fox,tfoxmg@networksolutions.com,Male,69.232.139.201,684-45-9962
810,Tommie,Zannini,tzanninimh@timesonline.co.uk,Female,143.55.72.219,606-94-4654
811,Dominica,Dumphy,ddumphymi@cisco.com,Female,76.118.163.200,610-34-7594
812,Tessa,Dochon,tdochonmj@google.com.au,Female,93.223.190.109,144-71-8497
813,Farlie,Muscat,fmuscatmk@eventbrite.com,Male,232.253.111.183,183-31-3729
814,Lewes,Odda,loddaml@japanpost.jp,Male,84.215.230.45,178-55-5612
815,Shepperd,Bowser,sbowsermm@latimes.com,Male,50.4.251.159,958-90-8398
816,Donielle,Gabriely,dgabrielymn@google.com.br,Female,195.122.148.163,580-95-4978
817,Marvin,Alster,malstermo@fastcompany.com,Male,169.154.59.67,114-77-2857
818,Dudley,Hoffman,dhoffmanmp@webs.com,Male,226.235.71.70,768-33-5347
819,Hunter,Mosey,hmoseymq@histats.com,Male,8.0.229.111,668-98-3996
820,Sutton,Arrundale,sarrundalemr@cargocollective.com,Male,150.247.15.200,512-48-6865
821,Aguste,Hardman,ahardmanms@latimes.com,Male,187.249.27.140,622-53-3733
822,Dukie,Leneham,dlenehammt@angelfire.com,Male,106.168.134.186,136-89-7742
823,Rosemary,Worboys,rworboysmu@cpanel.net,Female,40.144.252.103,558-73-5449
824,Jobye,Fentem,jfentemmv@sitemeter.com,Female,138.233.124.175,617-11-4389
825,Janek,Hillitt,jhillittmw@liveinternet.ru,Male,118.17.239.226,131-72-4481
826,Huey,Heibl,hheiblmx@patch.com,Male,240.34.124.223,684-12-2461
827,Christen,Westfalen,cwestfalenmy@prnewswire.com,Female,33.255.231.18,164-81-1670
828,Ellette,Wabey,ewabeymz@cornell.edu,Female,183.204.105.164,451-08-8455
829,Bobine,Khristyukhin,bkhristyukhinn0@nsw.gov.au,Female,4.27.137.249,880-18-4637
830,Emmanuel,Josefsen,ejosefsenn1@moonfruit.com,Male,130.177.137.47,486-02-6402
831,Venus,Redmire,vredmiren2@canalblog.com,Female,130.186.82.38,212-35-8460
832,Zorina,Catonnet,zcatonnetn3@ibm.com,Female,41.53.211.162,977-17-1476
833,Felic,Moulden,fmouldenn4@whitehouse.gov,Male,13.182.19.173,967-20-9276
834,Hazel,Wilflinger,hwilflingern5@hhs.gov,Female,44.54.230.228,429-16-6886
835,Lizette,Poynzer,lpoynzern6@fastcompany.com,Female,70.6.191.22,263-84-9516
836,Xever,Wharfe,xwharfen7@omniture.com,Male,22.197.138.36,677-68-7455
837,Bart,De Simone,bdesimonen8@archive.org,Male,228.138.158.220,431-88-8792
838,Gerianna,Radbourne,gradbournen9@wiley.com,Female,32.72.173.40,471-56-1044
839,Barb,Wheildon,bwheildonna@ftc.gov,Female,240.23.93.16,183-08-3975
840,Matilda,Stert,mstertnb@economist.com,Female,187.10.210.153,965-04-0999
841,Darrel,Dews,ddewsnc@jalbum.net,Male,207.15.75.94,937-95-4613
842,Berrie,Carlon,bcarlonnd@columbia.edu,Female,133.169.136.69,723-65-6670
843,Sly,Ould,souldne@quantcast.com,Male,128.63.66.214,369-21-3472
844,Kyle,Thornton-Dewhirst,kthorntondewhirstnf@macromedia.com,Female,254.232.206.206,779-40-4881
845,Minor,Gainforth,mgainforthng@bandcamp.com,Male,224.3.46.193,203-10-4021
846,Bruis,Gerrie,bgerrienh@over-blog.com,Male,185.68.236.74,955-67-8169
847,Maximo,Blockley,mblockleyni@jimdo.com,Male,242.173.241.201,457-27-9255
848,Igor,Beavis,ibeavisnj@ucsd.edu,Male,142.157.50.122,921-60-9146
849,Alayne,Libbe,alibbenk@github.io,Female,250.234.207.189,465-53-8452
850,Free,Yosevitz,fyosevitznl@prnewswire.com,Male,217.166.4.65,673-44-0275
851,Lettie,Rex,lrexnm@amazon.co.jp,Female,21.59.92.232,734-36-2378
852,Andreas,Beade,abeadenn@smh.com.au,Male,146.79.210.81,689-94-3201
853,Sheena,Berriball,sberriballno@cargocollective.com,Female,218.203.43.242,375-63-5658
854,Samuele,Yerrell,syerrellnp@bing.com,Male,232.120.253.88,775-22-6213
855,Melamie,Lamplough,mlamploughnq@merriam-webster.com,Female,0.116.123.78,284-26-2758
856,Brockie,Philpott,bphilpottnr@uiuc.edu,Male,77.180.156.99,755-51-7999
857,Lane,Jakoubec,ljakoubecns@deviantart.com,Female,206.146.140.164,519-08-1906
858,Drugi,Blaisdale,dblaisdalent@yandex.ru,Male,93.56.241.228,311-49-2155
859,Flem,Turmall,fturmallnu@deviantart.com,Male,232.18.8.50,831-88-0469
860,Mitchel,Haslewood,mhaslewoodnv@domainmarket.com,Male,49.58.20.70,270-65-5336
861,Vernor,Syratt,vsyrattnw@state.gov,Male,138.122.98.249,719-23-0525
862,Adriena,Lawrinson,alawrinsonnx@house.gov,Female,177.191.193.15,999-42-3936
863,Thacher,Shimon,tshimonny@amazon.com,Male,224.149.95.96,559-23-7523
864,Willa,Padell,wpadellnz@joomla.org,Female,233.231.246.183,998-49-6506
865,Nevsa,Mixture,nmixtureo0@miitbeian.gov.cn,Female,155.84.218.160,939-26-4918
866,Angus,Artharg,aarthargo1@bloglines.com,Male,157.130.182.191,754-76-4103
867,Goldie,Andrzejewski,gandrzejewskio2@ning.com,Female,107.6.4.17,613-76-5428
868,Gun,Cooke,gcookeo3@hhs.gov,Male,131.167.29.242,777-83-4255
869,Juliette,Gutierrez,jgutierrezo4@t-online.de,Female,42.206.238.188,257-62-9058
870,Dal,Dodell,ddodello5@newyorker.com,Male,255.96.37.23,883-62-5372
871,Wadsworth,Slateford,wslatefordo6@seattletimes.com,Male,211.138.0.17,790-39-0481
872,Garland,Guerrieri,gguerrierio7@home.pl,Female,75.220.163.168,828-79-9659
873,Asher,Klaesson,aklaessono8@issuu.com,Male,229.77.136.149,797-37-9503
874,Diego,Tizard,dtizardo9@arizona.edu,Male,59.150.173.222,575-00-6725
875,Jethro,Fairbourn,jfairbournoa@sciencedirect.com,Male,189.38.194.56,800-40-1919
876,Butch,Annies,banniesob@comsenz.com,Male,138.251.170.105,954-87-6544
877,Luigi,Gladhill,lgladhilloc@xing.com,Male,56.245.72.5,183-27-9703
878,Emmalee,Cooke,ecookeod@networkadvertising.org,Female,177.87.195.43,181-99-3995
879,Barnie,MacArdle,bmacardleoe@aol.com,Male,62.104.45.238,646-80-3333
880,Don,Crebott,dcrebottof@ameblo.jp,Male,206.108.103.52,714-76-2794
881,Wright,Shepcutt,wshepcuttog@1und1.de,Male,139.66.55.242,235-46-9639
882,Spenser,Goggan,sgogganoh@twitter.com,Male,105.192.136.121,305-93-4144
883,Goddart,Hartzog,ghartzogoi@wordpress.org,Male,117.151.31.26,362-09-8469
884,Horst,Yeardsley,hyeardsleyoj@xinhuanet.com,Male,16.206.96.176,501-11-8338
885,Christalle,Bleythin,cbleythinok@booking.com,Female,87.169.89.14,798-32-2368
886,Jock,Cuell,jcuellol@techcrunch.com,Male,150.120.104.1,641-32-7963
887,Kalina,Crathorne,kcrathorneom@sciencedirect.com,Female,229.147.115.100,237-66-5015
888,Tully,Ramsbottom,tramsbottomon@nytimes.com,Male,15.196.50.142,556-76-8666
889,Silas,Prop,spropoo@answers.com,Male,46.211.111.218,691-44-0457
890,Vasily,Berthot,vberthotop@goo.ne.jp,Male,94.24.229.131,264-27-9264
891,Claudette,Beardshall,cbeardshalloq@forbes.com,Female,233.252.96.37,318-53-0724
892,Nonah,Grubbe,ngrubbeor@samsung.com,Female,3.234.91.70,411-12-2454
893,Conrade,Rodliff,crodliffos@apache.org,Male,120.23.195.3,346-14-0442
894,Robbie,Bunt,rbuntot@timesonline.co.uk,Female,133.26.31.181,580-34-0595
895,Dyane,Telezhkin,dtelezhkinou@cloudflare.com,Female,63.70.209.96,902-74-3619
896,Erl,Kissell,ekissellov@java.com,Male,39.184.206.190,234-97-5871
897,Merv,Allmark,mallmarkow@w3.org,Male,155.130.195.14,721-60-2640
898,Shermie,Gotcher,sgotcherox@fotki.com,Male,2.58.111.60,358-90-8704
899,Gloriane,Chillingsworth,gchillingsworthoy@virginia.edu,Female,44.127.222.252,169-80-9179
900,Michele,Burman,mburmanoz@google.com.au,Male,217.84.188.60,496-43-5598
901,Renie,Snyder,rsnyderp0@wikimedia.org,Female,223.223.222.179,479-39-9779
902,Enoch,Karpov,ekarpovp1@xinhuanet.com,Male,185.99.129.121,919-29-1679
903,Larine,Simonot,lsimonotp2@cmu.edu,Female,233.83.125.61,552-18-5810
904,Odey,Seater,oseaterp3@aboutads.info,Male,87.20.203.140,301-27-1117
905,Leopold,Purser,lpurserp4@columbia.edu,Male,186.148.218.213,109-55-8263
906,Mandi,Dowd,mdowdp5@clickbank.net,Female,2.118.88.80,269-59-4296
907,Berny,Geake,bgeakep6@discuz.net,Male,125.181.169.227,263-59-4034
908,Emmerich,Carbett,ecarbettp7@independent.co.uk,Male,154.179.164.32,481-30-0852
909,Rod,Gonsalvez,rgonsalvezp8@multiply.com,Male,81.69.202.152,787-00-3812
910,Kinnie,Spink,kspinkp9@home.pl,Male,122.34.73.224,277-35-3814
911,Aldridge,Raith,araithpa@bravesites.com,Male,2.136.94.223,337-54-1645
912,Gherardo,Stirtle,gstirtlepb@cam.ac.uk,Male,224.113.122.230,266-08-0760
913,Stu,Langmuir,slangmuirpc@earthlink.net,Male,245.208.38.184,360-69-8626
914,Audrye,Ripping,arippingpd@barnesandnoble.com,Female,160.32.75.28,386-67-8100
915,Aland,Vanetti,avanettipe@si.edu,Male,85.78.158.55,865-35-7545
916,Kenon,Browell,kbrowellpf@merriam-webster.com,Male,246.93.185.227,750-40-7882
917,Gavan,Radborn,gradbornpg@squidoo.com,Male,192.26.163.15,416-85-9505
918,Alis,MacMaster,amacmasterph@mysql.com,Female,124.77.154.170,606-87-2270
919,Brand,Delacroux,bdelacrouxpi@ow.ly,Male,12.196.128.243,865-02-8014
920,Bernie,Elliff,belliffpj@unicef.org,Male,118.61.68.5,700-01-1542
921,Elianore,Cardiff,ecardiffpk@ibm.com,Female,167.177.230.75,210-25-0743
922,Garfield,Clemente,gclementepl@boston.com,Male,84.16.6.240,970-79-4976
923,Eddie,Reuben,ereubenpm@apache.org,Female,36.33.53.135,192-86-3164
924,Felic,Kinglake,fkinglakepn@cbsnews.com,Male,52.181.153.117,212-64-3368
925,Gladi,Broadley,gbroadleypo@sohu.com,Female,153.52.16.229,665-08-4778
926,Ty,Kimbrey,tkimbreypp@goo.gl,Male,7.178.151.55,396-24-8183
927,Randi,Doll,rdollpq@hhs.gov,Female,215.233.119.78,449-28-2785
928,Gypsy,Frisel,gfriselpr@blog.com,Female,137.65.241.209,973-51-3191
929,Russ,Creedland,rcreedlandps@fda.gov,Male,170.28.115.53,829-23-2853
930,Dilly,Mudge,dmudgept@wiley.com,Male,123.52.2.152,714-18-3824
931,Tove,Took,ttookpu@abc.net.au,Female,24.23.146.175,218-58-0468
932,Emalia,Frain,efrainpv@mayoclinic.com,Female,73.165.60.29,782-59-4624
933,Elsa,Smale,esmalepw@ezinearticles.com,Female,139.200.96.50,963-12-1374
934,Lutero,Santello,lsantellopx@virginia.edu,Male,39.239.50.57,176-87-1299
935,Frederique,Blazdell,fblazdellpy@ucoz.com,Female,93.230.167.76,454-56-6357
936,Zsa zsa,Cowthart,zcowthartpz@paginegialle.it,Female,35.230.53.55,866-07-9479
937,Janella,Gleder,jglederq0@youku.com,Female,140.1.176.51,529-56-3926
938,Tate,Maughan,tmaughanq1@cdbaby.com,Male,46.90.122.207,118-98-6572
939,Blakelee,Piaggia,bpiaggiaq2@cbsnews.com,Female,195.204.129.219,927-65-3807
940,Alvina,Yurocjkin,ayurocjkinq3@mlb.com,Female,23.183.81.98,556-27-3405
941,Gorden,Uttley,guttleyq4@apache.org,Male,172.90.119.211,293-70-6797
942,Lin,Robeiro,lrobeiroq5@histats.com,Male,207.164.188.182,477-70-8608
943,Gerald,Como,gcomoq6@theglobeandmail.com,Male,43.102.169.34,726-79-0754
944,Lula,Sherwill,lsherwillq7@google.com.hk,Female,38.122.6.113,377-57-2425
945,Letta,Thurner,lthurnerq8@omniture.com,Female,64.245.171.18,606-94-5179
946,Hattie,O'Fogarty,hofogartyq9@berkeley.edu,Female,3.4.25.127,978-38-1341
947,Ardis,Jurasz,ajuraszqa@wisc.edu,Female,152.201.209.122,315-59-3485
948,Nixie,Richarson,nricharsonqb@nature.com,Female,122.156.184.104,149-35-7794
949,Jeno,Jentin,jjentinqc@vistaprint.com,Male,227.33.104.8,567-86-2371
950,Bab,Sewart,bsewartqd@sakura.ne.jp,Female,34.158.110.15,382-59-1719
951,Pansie,Borthram,pborthramqe@arizona.edu,Female,195.80.249.208,842-66-1369
952,Ross,Sargant,rsargantqf@typepad.com,Male,210.26.213.115,536-44-7355
953,Stillman,Fernan,sfernanqg@uiuc.edu,Male,31.152.182.129,908-14-5937
954,Nial,Lathan,nlathanqh@zimbio.com,Male,137.98.209.196,885-39-3031
955,Berkie,Swaite,bswaiteqi@paypal.com,Male,174.96.253.101,178-62-1084
956,Mohandas,Ennew,mennewqj@chicagotribune.com,Male,28.183.3.175,373-28-1447
957,Howard,Marlon,hmarlonqk@over-blog.com,Male,70.16.45.33,678-06-2509
958,Edan,Stell,estellql@mtv.com,Male,85.34.225.113,400-65-8198
959,Gannie,Breche,gbrecheqm@blogger.com,Male,149.252.205.13,569-16-0911
960,Gilbertine,Marikhin,gmarikhinqn@europa.eu,Female,31.107.123.31,990-99-5573
961,Karyn,Greenhead,kgreenheadqo@cisco.com,Female,246.97.174.243,813-25-5794
962,Gerhardt,McAvey,gmcaveyqp@cbsnews.com,Male,192.134.255.67,617-03-3587
963,Hadria,Pochin,hpochinqq@cbsnews.com,Female,221.41.231.144,261-28-8677
964,Cherish,Ravenshaw,cravenshawqr@ifeng.com,Female,168.41.57.169,696-58-5518
965,Culley,Shale,cshaleqs@posterous.com,Male,201.82.47.136,499-13-0433
966,Jozef,Shellibeer,jshellibeerqt@mlb.com,Male,152.9.55.88,154-52-6528
967,Josi,Klemz,jklemzqu@google.pl,Female,120.0.162.62,254-57-1807
968,Gan,Brosnan,gbrosnanqv@photobucket.com,Male,137.92.6.99,776-62-9319
969,Malorie,Lambourne,mlambourneqw@globo.com,Female,147.72.9.115,826-11-8665
970,Rebbecca,Richardeau,rrichardeauqx@nsw.gov.au,Female,143.159.50.107,102-97-5378
971,Ban,Jaggar,bjaggarqy@gnu.org,Male,18.73.211.208,249-61-2433
972,Niven,Truelove,ntrueloveqz@mapquest.com,Male,36.212.125.203,376-61-3470
973,Minda,Penhaligon,mpenhaligonr0@ocn.ne.jp,Female,44.194.230.193,268-31-5149
974,Banky,Revelle,breveller1@behance.net,Male,126.180.198.81,789-66-1449
975,Cobbie,Vere,cverer2@cdbaby.com,Male,29.19.147.213,336-64-7054
976,Sergent,Calverd,scalverdr3@list-manage.com,Male,0.38.127.176,227-32-3190
977,Karena,Strowger,kstrowgerr4@blogger.com,Female,127.76.79.245,719-53-1063
978,Shoshana,Newey,sneweyr5@barnesandnoble.com,Female,82.247.127.29,458-03-5433
979,Kylynn,Fortman,kfortmanr6@diigo.com,Female,56.43.75.5,996-44-6497
980,Dorey,Bicknell,dbicknellr7@samsung.com,Male,245.216.66.52,170-95-5243
981,Jacenta,Etchell,jetchellr8@networkadvertising.org,Female,193.18.88.31,444-15-4897
982,Florenza,Whether,fwhetherr9@sciencedirect.com,Female,160.232.7.210,600-74-1374
983,Wells,McCully,wmccullyra@miibeian.gov.cn,Male,102.136.76.227,720-11-6369
984,Ranique,East,reastrb@hubpages.com,Female,14.241.178.11,269-71-4173
985,Jobi,Ronan,jronanrc@microsoft.com,Female,117.229.176.185,142-10-4557
986,Carlie,Luscombe,cluscomberd@yellowpages.com,Male,70.225.198.93,110-86-4059
987,Nels,Aldham,naldhamre@weebly.com,Male,124.179.153.71,900-74-9247
988,Gabey,Sommerly,gsommerlyrf@arstechnica.com,Female,144.244.117.77,617-13-2247
989,Glyn,Nyssens,gnyssensrg@multiply.com,Male,129.8.124.162,649-57-8862
990,Aeriela,Shepcutt,ashepcuttrh@vimeo.com,Female,172.146.234.147,415-50-5200
991,Jaye,Iacovides,jiacovidesri@dedecms.com,Male,7.13.90.148,290-95-8599
992,Stern,Gorst,sgorstrj@ustream.tv,Male,147.13.62.41,739-47-0495
993,Forester,Duly,fdulyrk@sbwire.com,Male,114.153.166.241,909-85-0400
994,Harmonia,Flott,hflottrl@answers.com,Female,180.160.172.126,107-60-0175
995,Germain,Grayshan,ggrayshanrm@indiegogo.com,Male,19.153.135.2,286-90-0497
996,Marco,Loach,mloachrn@mac.com,Male,118.253.187.57,936-83-6758
997,Aldous,Whitmarsh,awhitmarshro@zimbio.com,Male,149.158.97.79,758-43-8674
998,Opalina,Woodson,owoodsonrp@com.com,Female,68.120.219.78,457-00-4333
999,Olia,Seth,osethrq@narod.ru,Female,254.148.118.211,245-94-4796
1000,Lyn,Gossart,lgossartrr@artisteer.com,Female,172.12.170.64,640-12-2088
